1622741169.000000, 1622741169.000000, 1622741169.000000
32.000000, 32.000000, 32.000000
-38,-37,55
-36,-35,54
-35,-35,51
-37,-37,50
-37,-34,48
-31,-32,44
-28,-29,40
-37,-33,39
-33,-36,37
-35,-35,34
-36,-33,32
-30,-31,28
-34,-31,24
-29,-34,29
-35,-44,24
-33,-44,26
-39,-48,27
-33,-53,31
-32,-51,32
-29,-54,33
-33,-54,30
-36,-46,28
-35,-47,39
-39,-49,35
-41,-42,27
-35,-40,32
-34,-43,35
-30,-36,39
-26,-38,47
-29,-41,41
-32,-42,45
-31,-41,42
-31,-41,37
-30,-41,37
-31,-43,41
-30,-43,42
-30,-41,37
-29,-41,37
-30,-42,39
-30,-43,41
-28,-42,40
-29,-42,36
-31,-46,40
-27,-45,39
-29,-48,37
-29,-47,35
-33,-46,28
-30,-46,30
-30,-47,31
-33,-46,29
-37,-43,23
-37,-47,25
-33,-46,29
-34,-46,29
-42,-42,18
-38,-46,22
-32,-47,36
-36,-39,33
-46,-34,15
-39,-44,24
-36,-49,38
-44,-42,49
-69,-40,17
-66,-40,20
-51,-38,39
-48,-37,39
-46,-35,30
-53,-33,22
-55,-37,21
-53,-43,23
-65,-47,21
-85,-52,3
-81,-43,-4
-71,-32,2
-46,-16,18
-44,-3,14
-39,19,9
-5,24,26
-33,20,11
-104,-20,-23
-71,-33,-14
-59,-35,3
-51,-19,12
-44,-12,13
-34,-10,11
-25,-9,13
-17,-4,10
-64,-22,19
-68,-34,22
-49,-41,19
-41,-54,29
-15,-57,74
1,-56,72
-6,-47,69
-39,-38,56
-57,-37,44
-54,-41,35
-31,-33,37
-24,-32,41
-19,-37,48
-23,-39,40
-36,-41,28
-41,-44,31
-39,-45,32
-32,-39,28
-38,-39,28
-36,-40,28
-36,-41,26
-38,-44,27
-41,-47,27
-39,-46,26
-39,-42,25
-40,-37,26
-42,-38,28
-48,-42,28
-50,-45,28
-53,-45,32
-42,-44,37
-38,-43,37
-39,-39,39
-42,-40,37
-47,-42,32
-46,-44,35
-43,-46,38
-39,-46,38
-39,-45,39
-39,-42,36
-43,-46,34
-43,-49,37
-36,-43,39
-33,-38,35
-32,-37,33
-32,-34,35
-34,-33,33
-39,-31,32
-41,-34,30
-36,-29,30
-39,-26,27
-44,-28,25
-48,-32,17
-42,-34,18
-41,-38,16
-57,-44,10
-50,-45,15
-44,-41,14
-43,-40,12
-41,-39,15
-40,-44,15
-43,-43,14
-56,-42,6
-55,-43,9
-42,-41,19
-51,-44,10
-40,-39,17
-43,-42,12
-55,-45,7
-67,-45,-4
-51,-45,7
-45,-46,15
-47,-46,15
-63,-59,20
-68,-62,9
-39,-51,12
-31,-45,31
-37,-39,24
-34,-35,31
-13,-33,61
-14,-23,49
-7,-22,52
2,-26,56
2,-25,53
-4,-25,50
-2,-28,54
-2,-28,56
-3,-26,53
-6,-25,51
-2,-27,56
-2,-26,56
-7,-23,52
-2,-25,56
-2,-26,58
-4,-23,56
-3,-22,55
-3,-23,56
-2,-22,57
-3,-21,56
-3,-21,57
-5,-21,57
-5,-21,58
-3,-21,57
-4,-21,58
-7,-19,56
-6,-21,57
-6,-20,58
-6,-19,58
-6,-18,58
-8,-17,56
-6,-16,58
-7,-16,59
-7,-16,59
-8,-15,57
-6,-15,57
-8,-14,57
-8,-13,56
-7,-14,57
-7,-14,57
-6,-13,58
-5,-15,57
-5,-15,58
-5,-14,57
-5,-14,56
-3,-14,57
-5,-14,57
-5,-14,58
-5,-15,57
-5,-13,57
-4,-13,59
-6,-14,59
-5,-15,59
-4,-14,57
-5,-14,60
-5,-14,60
-6,-15,58
-7,-14,58
-7,-13,59
-7,-12,59
-4,-10,57
-8,-10,57
-7,-10,57
-6,-11,58
-7,-12,59
-9,-12,59
-9,-14,60
-9,-14,59
-9,-14,59
-8,-14,59
-7,-13,57
-8,-12,57
-6,-13,58
-9,-13,58
-7,-14,59
-8,-15,59
-8,-16,60
-7,-16,60
-8,-14,57
-8,-14,57
-8,-14,58
-9,-15,57
-8,-15,58
-8,-15,58
-9,-15,57
-9,-15,57
-8,-16,58
-8,-15,58
-8,-15,57
-7,-16,57
-7,-16,58
-8,-16,58
-7,-16,59
-9,-18,59
-8,-18,59
-7,-16,59
-7,-16,58
-8,-16,58
-7,-16,58
-8,-15,57
-8,-16,57
-9,-16,57
-10,-16,57
-9,-16,57
-9,-16,58
-9,-16,59
-9,-15,57
-9,-15,58
-10,-16,59
-9,-15,58
-9,-15,58
-9,-15,57
-9,-15,58
-9,-15,58
-8,-15,57
-10,-16,59
-10,-15,59
-11,-14,60
-11,-15,61
-9,-15,62
-10,-15,63
-9,-16,65
-9,-15,65
-7,-13,64
-6,-12,63
-5,-8,61
-4,-6,59
-3,-6,59
-1,-3,57
-1,-3,58
-1,-1,57
-1,1,54
-3,3,53
1,3,56
1,4,56
1,6,54
-1,8,52
2,8,56
-3,8,57
-3,8,58
-2,7,60
-2,5,60
-2,4,61
-1,3,61
-1,4,60
1,4,58
2,5,58
1,5,57
-1,5,58
0,5,59
0,6,59
0,6,59
0,5,60
0,6,60
-1,6,60
-1,5,59
0,5,61
-1,5,59
-1,5,61
-2,5,58
-3,6,59
-2,5,58
-3,5,59
-3,5,59
-2,5,57
-3,5,60
-2,5,59
-3,5,59
-1,5,60
-2,5,59
-2,5,59
-2,4,61
-2,5,61
-2,5,59
-1,5,59
-1,5,58
0,5,59
-1,5,58
-2,5,59
-2,4,59
-2,5,59
-1,4,59
-2,5,58
-1,4,60
-2,4,59
-1,5,59
-2,4,60
-2,5,60
-1,5,59
-3,4,59
-1,4,60
-2,4,60
-1,4,59
-1,5,58
-2,4,59
-3,4,59
-1,4,59
-2,4,60
-3,4,60
-2,4,59
-2,4,60
-2,4,59
-2,4,59
-1,3,60
-2,3,60
-3,3,59
-2,3,60
-2,4,60
-2,5,59
-3,4,58
-2,4,60
-2,4,59
-2,4,60
-2,4,59
-3,4,59
-3,4,59
-3,5,59
-3,5,59
-4,5,59
-4,5,59
-4,5,60
-4,5,60
-4,5,60
-5,5,59
-4,5,59
-3,4,60
-4,4,60
-3,4,61
-3,3,62
-4,4,62
-4,5,63
-5,3,69
-3,4,73
3,6,75
2,6,66
-6,13,21
-33,19,-3
-49,14,-27
-57,26,-38
-67,25,-48
-119,16,-67
-28,19,-65
0,33,-53
89,32,67
82,2,87
-5,22,49
-78,20,36
-22,21,60
30,4,80
29,0,63
-25,4,22
-128,-5,-27
-128,12,11
-89,20,71
-62,30,61
-5,28,32
3,32,15
13,25,1
50,20,-26
48,4,-19
-3,-55,-19
-42,-55,-21
-67,-58,-42
-111,-65,-84
-112,-62,-87
-89,-95,-42
9,-128,99
-33,-128,99
-10,-70,80
-16,-69,44
-12,-64,-4
-5,-60,-37
-29,-59,-63
-60,-60,-98
-67,-52,-95
-52,-39,-72
-54,-46,-75
-96,-76,-45
-60,-114,-37
-33,-124,-59
-65,-128,-20
-24,-128,20
-33,-128,29
1,-128,17
15,-128,1
12,-104,-19
30,-107,-6
68,-93,24
98,12,70
107,-29,63
10,-34,0
-5,-66,1
-12,-81,6
-128,-128,-36
-128,-128,-39
-23,-116,-25
16,-128,16
13,-128,41
-21,-128,64
-26,-128,51
-32,-111,-15
-21,-84,-14
1,-75,-14
-5,-42,-105
-34,-21,-128
-45,-6,-93
-35,-49,-67
-41,-64,-62
-38,-82,-59
-43,-100,-58
-54,-128,-82
-51,-128,-103
-12,-128,-86
39,-128,-28
58,-128,4
10,-128,-5
13,-85,-16
3,-61,-16
2,-30,-9
7,-24,-6
18,-16,0
24,5,13
27,13,13
10,11,-2
3,4,-6
-3,-10,12
-1,-48,29
8,-61,37
4,-114,28
17,-128,18
23,-128,15
2,-128,9
-11,-128,6
-42,-128,-9
-60,-128,-14
-57,-109,-10
-39,-83,0
-34,-72,3
-35,-50,-10
-40,-37,-21
-44,-27,-37
-42,-26,-40
-39,-30,-38
-34,-42,-32
-32,-51,-30
-40,-76,-25
-45,-104,-33
-61,-114,-39
-66,-128,-36
-39,-128,-35
20,-128,-20
56,-128,17
37,-128,19
-1,-117,3
-10,-98,-1
14,-59,4
17,-25,8
11,-17,14
3,-9,27
1,-3,25
9,-2,26
11,-2,48
9,-1,48
7,-3,49
6,-3,50
9,-4,57
18,-2,60
24,0,60
36,0,64
46,-1,60
68,-17,24
23,-11,-78
-36,1,-125
-128,50,-117
-128,18,-77
-59,-8,-104
74,63,-24
127,6,127
85,-1,-4
69,6,-70
-128,4,-119
-92,6,-61
-85,-5,-54
-35,-5,-50
-15,0,-44
-4,-10,-24
17,-20,15
26,-44,34
29,-76,20
25,-103,13
-48,-128,-2
-60,-107,-17
-58,-99,-18
-13,-93,16
4,-91,29
-7,-79,29
-22,-76,31
-23,-68,27
-30,-57,13
-35,-55,12
-35,-55,20
-29,-60,23
-26,-63,24
-21,-71,22
-20,-74,22
-20,-78,18
-28,-86,8
-33,-90,-2
-36,-88,7
-13,-93,14
6,-98,24
-2,-88,27
-6,-84,28
-5,-70,26
-4,-63,27
0,-57,36
-7,-46,33
-7,-39,33
-1,-34,36
0,-30,38
3,-24,44
1,-18,39
3,-17,41
8,-17,50
5,-16,52
4,-14,51
10,-12,58
12,-11,58
9,-7,57
9,-6,57
10,-6,58
9,-5,58
6,-4,57
10,-3,58
12,-2,57
8,-2,57
11,-1,58
13,-1,58
12,-1,57
10,-1,58
13,-1,60
10,0,58
10,1,59
10,2,58
10,3,57
11,3,59
10,5,57
10,5,56
8,4,59
8,4,60
8,4,60
9,5,59
9,4,58
8,4,58
8,3,61
8,3,72
9,9,65
5,12,57
13,9,56
20,2,53
11,-13,36
-8,-5,55
-1,-6,57
1,5,60
5,8,70
9,5,66
-3,6,61
-4,7,61
0,6,65
0,6,62
-10,4,59
-13,7,65
-11,11,70
1,24,59
4,10,39
6,1,50
7,-1,57
6,-2,49
-35,1,32
-55,3,28
-67,7,11
-73,12,-4
-62,17,-6
-62,10,-11
-54,13,-17
-64,14,-46
-54,16,-43
-52,17,-45
-75,16,-60
-86,14,-71
-45,14,-68
-21,18,-5
8,27,44
6,13,59
9,12,45
-62,4,37
-3,-2,63
15,-7,67
1,-6,57
-3,-9,51
-1,-25,52
1,-27,54
3,-29,53
-22,-42,36
-53,-37,35
-56,-26,46
-47,-18,55
-44,-14,59
-49,-17,55
-56,-19,52
-45,-12,32
-48,-3,29
-42,-5,29
-55,-4,9
-51,1,7
-50,2,2
-60,-7,4
-67,-12,3
-62,-8,1
-66,-6,-4
-84,-7,-29
-57,-10,-18
-42,-17,-2
-2,-42,48
17,-49,59
-4,-50,53
-18,-45,60
-17,-43,64
-41,-43,56
-41,-38,48
-12,-34,55
-18,-34,3
-41,-33,-34
-108,-26,-54
-66,-19,-32
-49,-22,-36
-61,-29,-48
-60,-33,-51
-52,-42,-41
-48,-44,-28
-59,-49,-11
-35,-41,14
-22,-38,20
-9,-25,26
-2,-37,24
3,-44,22
-2,-40,29
-8,-41,29
-14,-51,26
-19,-57,25
-17,-69,20
-14,-81,5
-17,-83,5
-35,-81,17
-43,-76,23
-28,-76,10
-35,-63,12
-9,-60,25
-4,-59,37
1,-58,40
-13,-61,33
-25,-61,22
-24,-61,20
-15,-63,24
-14,-63,26
-14,-67,27
-13,-67,25
-6,-63,25
-11,-66,28
-13,-62,30
-3,-62,42
-11,-65,49
-9,-62,49
-7,-52,46
-10,-48,44
-5,-38,42
-3,-32,44
-4,-32,46
-4,-27,45
-4,-25,47
-7,-26,50
-7,-21,46
-7,-20,49
-7,-19,55
-7,-18,54
-8,-16,52
-9,-15,55
-8,-14,56
-8,-11,55
-9,-9,55
0,-11,70
0,-7,67
1,-4,61
-12,-7,47
-23,-5,36
-42,-1,1
-104,-10,-31
-125,-13,-29
-75,-10,-13
-57,2,-5
-7,4,45
12,-9,60
19,-15,53
-17,-25,48
-35,-22,53
-28,-20,59
-9,-18,57
-3,-17,55
0,-20,58
-4,-19,60
-12,-17,60
-17,-18,55
-18,-16,57
-15,-13,62
-11,-14,61
-15,-12,57
-17,-11,57
-19,-11,56
-19,-10,57
-18,-11,58
-18,-10,57
-18,-10,57
-19,-11,57
-18,-11,57
-18,-10,56
-18,-11,55
-20,-11,57
-20,-10,56
-20,-11,57
-20,-11,57
-21,-11,57
-21,-11,55
-22,-11,55
-23,-13,54
-23,-13,54
-21,-13,50
-22,-12,46
-23,-11,46
-25,-11,43
-27,-11,42
-33,-14,48
-32,-15,52
-29,-16,52
-38,-23,59
-37,-22,60
-40,-23,55
-37,-20,59
-29,-19,49
-45,-21,63
-38,-23,67
-37,-16,55
-45,-17,53
-43,-16,54
-41,-14,61
-35,-5,60
-40,11,38
-38,10,4
-46,-25,11
-28,-31,44
-36,-26,46
-55,-19,26
-54,-16,10
-76,-17,-39
-57,-4,-17
-46,-3,2
-66,-4,-2
-48,-17,-14
-45,-14,-18
-55,-14,-32
-57,-18,-35
-44,-26,-26
-52,-25,-29
-67,-24,-34
-63,-30,-23
-62,-31,-7
-73,-32,6
-66,-23,4
-63,-26,11
-51,-24,30
-57,-28,27
-54,-25,35
-48,-26,39
-44,-25,40
-39,-28,50
-41,-27,48
-41,-24,47
-42,-22,51
-38,-19,50
-37,-18,56
-41,-18,57
-37,-14,51
-35,-15,54
-30,-15,53
-31,-17,49
-31,-17,49
-29,-19,49
-26,-18,48
-24,-18,48
-25,-17,51
-25,-16,50
-17,-15,50
-17,-15,53
-20,-14,54
-19,-11,48
-19,-11,49
-19,-11,55
-19,-9,49
-15,-7,46
-22,-6,63
-12,0,65
-18,-21,17
-43,-34,18
-24,-9,44
-5,-18,44
-4,-16,40
-3,-11,32
1,-14,29
-7,-28,32
-3,-52,43
-3,-67,42
-5,-107,30
-12,-124,29
-55,-120,23
-40,-70,18
-13,-80,25
-14,-72,30
-16,-69,29
-26,-62,23
-29,-52,11
-25,-49,13
-25,-48,13
-27,-52,14
-28,-62,18
-25,-69,19
-24,-70,18
-17,-68,17
-16,-68,18
-17,-66,18
-17,-63,15
-18,-63,13
-24,-63,17
-25,-64,15
-27,-66,15
-28,-60,27
-27,-60,33
-27,-63,29
-36,-61,24
-40,-61,22
-40,-60,20
-41,-58,19
-38,-51,18
-40,-44,18
-40,-42,18
-37,-38,18
-33,-36,20
-33,-30,24
-35,-27,29
-33,-25,28
-35,-23,30
-35,-24,34
-28,-22,37
-21,-21,42
-19,-21,45
-22,-23,46
-25,-25,44
-28,-28,45
-25,-29,46
-23,-30,47
-27,-34,48
-26,-35,47
-27,-37,44
-26,-38,44
-30,-41,44
-30,-43,37
-27,-43,35
-29,-46,37
-31,-50,34
-33,-52,34
-32,-56,32
-32,-56,31
-30,-56,33
-28,-57,32
-27,-56,29
-28,-56,28
-30,-58,28
-29,-60,26
-25,-59,27
-24,-62,28
-22,-59,29
-22,-56,30
-20,-54,27
-20,-50,25
-21,-51,25
-19,-50,27
-19,-50,25
-19,-51,25
-20,-52,26
-20,-52,25
-19,-51,24
-19,-50,23
-21,-55,24
-24,-59,23
-24,-60,23
-21,-60,25
-20,-59,25
-20,-57,26
-19,-57,25
-19,-57,25
-18,-58,24
-17,-59,23
-16,-59,25
-18,-57,24
-18,-58,23
-17,-62,22
-16,-59,21
-16,-57,18
-17,-62,20
-17,-63,19
-18,-63,18
-18,-61,20
-19,-57,21
-23,-55,19
-22,-55,20
-24,-55,21
-24,-56,20
-25,-58,17
-24,-55,17
-25,-54,18
-28,-56,17
-30,-58,15
-31,-62,17
-31,-65,18
-30,-64,17
-29,-65,18
-31,-66,20
-28,-66,24
-28,-58,20
-28,-56,19
-31,-53,20
-30,-51,22
-31,-48,21
-36,-48,24
-38,-48,26
-42,-48,24
-43,-50,21
-48,-48,22
-55,-46,24
-53,-44,23
-53,-38,23
-54,-34,24
-51,-28,23
-54,-27,14
-60,-22,18
-60,-19,22
-51,-16,18
-57,-13,30
-30,-10,37
-32,-15,25
-28,-14,50
-19,-11,55
-22,-7,44
-21,-5,54
-24,-4,53
-25,-2,45
-27,-3,47
-24,-7,54
-12,-7,45
-20,-10,35
-36,-13,44
-39,-15,50
-25,-13,46
-39,-15,32
-41,-12,45
-47,-17,56
-44,-20,52
-42,-34,54
-37,-43,59
-21,-48,66
-8,-43,61
-5,-38,60
0,-29,55
3,-18,53
8,-16,56
4,-19,51
-13,-24,57
-10,-31,58
-16,-43,52
-25,-46,53
-25,-47,46
-27,-43,39
-40,-36,33
-39,-27,33
-40,-24,30
-48,-22,30
-50,-18,32
-48,-15,37
-43,-20,51
-41,-21,52
-44,-26,41
-50,-29,48
-41,-22,55
-46,-18,38
-48,-20,40
-53,-16,45
-53,-21,46
-64,-19,36
-58,-28,47
-55,-26,62
-68,-29,66
-75,-31,60
-66,-11,56
-50,-1,29
-44,1,21
-29,6,16
-27,7,12
-30,7,3
-33,13,-1
-32,15,0
-39,16,5
-39,18,7
-46,17,8
-46,18,15
-50,21,17
-53,24,21
-62,22,18
-63,24,13
-48,23,28
-51,18,33
-68,15,26
-74,12,19
-58,14,22
-53,3,27
-64,-3,17
-81,-5,1
-79,-7,-1
-71,-5,-1
-60,-1,-3
-55,0,-3
-55,4,-1
-57,2,-1
-53,4,2
-50,5,6
-46,6,6
-51,3,3
-65,-1,2
-77,-5,6
-69,-1,17
-68,-2,18
-71,-6,16
-76,-4,20
-79,-9,18
-85,-9,24
-81,-14,28
-81,-7,28
-78,-8,22
-73,-6,13
-62,0,2
-56,0,0
-41,4,1
-35,5,0
-20,6,0
-16,2,1
-17,-4,2
-19,-15,8
-30,-23,7
-31,-35,7
-19,-37,15
-24,-48,21
-36,-72,24
-54,-85,21
-73,-117,-3
-52,-96,12
-48,-99,22
-46,-84,20
-46,-81,16
-41,-68,11
-41,-59,3
-43,-59,2
-41,-59,3
-38,-55,2
-37,-55,6
-32,-62,9
-27,-61,9
-26,-62,12
-23,-66,16
-13,-65,18
-20,-60,12
-22,-59,9
-37,-53,10
-39,-55,13
-36,-57,11
-37,-54,8
-34,-55,9
-33,-54,11
-33,-54,9
-34,-53,8
-33,-52,1
-33,-53,-4
-33,-54,5
-26,-54,13
-14,-53,21
-22,-54,16
-27,-55,19
-36,-63,38
-34,-62,39
-28,-55,39
-27,-50,19
-32,-52,4
-50,-62,7
-57,-63,14
-33,-55,34
-27,-48,37
-29,-46,42
-33,-46,40
-28,-45,37
-19,-42,34
-9,-36,38
-7,-34,37
-14,-34,29
-20,-36,28
-35,-38,32
-39,-43,29
-52,-45,21
-51,-44,28
-46,-41,32
-38,-39,29
-43,-46,19
-41,-45,30
-36,-42,40
-30,-40,33
-32,-38,36
-27,-36,39
-30,-40,36
-37,-42,29
-34,-43,31
-29,-43,36
-24,-43,23
-25,-45,19
-31,-58,25
-28,-60,29
-20,-61,30
-14,-59,31
-13,-58,29
-14,-58,26
-15,-58,23
-20,-58,19
-22,-57,17
-22,-58,16
-26,-62,16
-26,-62,16
-25,-60,15
-25,-60,16
-26,-61,17
-26,-64,18
-25,-64,18
-24,-62,18
-24,-59,18
-24,-60,19
-23,-59,18
-23,-59,18
-23,-60,18
-22,-59,17
-22,-58,18
-18,-60,19
-18,-63,16
-22,-67,16
-23,-68,18
-27,-70,16
-28,-66,21
-33,-68,18
-34,-63,12
-34,-58,14
-31,-55,14
-30,-51,8
-31,-51,7
-40,-54,5
-30,-50,10
-24,-48,17
-15,-46,29
-15,-46,31
-13,-45,35
-16,-46,36
-19,-46,36
-27,-47,33
-27,-48,30
-21,-46,32
-17,-47,30
-16,-47,30
-22,-52,31
-23,-53,29
-21,-55,24
-18,-57,26
-19,-59,27
-20,-62,24
-21,-65,23
-27,-67,21
-26,-65,19
-27,-64,20
-24,-61,19
-24,-60,18
-27,-55,21
-31,-55,18
-33,-55,16
-33,-58,20
-32,-58,20
-37,-61,18
-40,-63,13
-39,-57,17
-41,-54,17
-40,-53,16
-40,-50,14
-41,-49,14
-40,-50,17
-37,-48,18
-36,-48,16
-37,-49,15
-35,-51,20
-33,-50,24
-35,-54,30
-37,-60,32
-35,-56,36
-36,-46,27
-35,-39,25
-34,-30,26
-35,-28,26
-39,-29,25
-40,-33,24
-44,-39,25
-47,-39,30
-45,-35,29
-47,-30,31
-52,-34,25
-52,-35,33
-47,-44,54
-36,-45,51
-41,-36,32
-51,-23,23
-57,-19,11
-52,-11,2
-61,-12,4
-72,-20,1
-67,-12,-16
-69,-13,-16
-76,-19,-14
-74,-15,-10
-70,-8,8
-65,2,30
-59,7,40
-39,17,61
-27,21,60
7,28,56
-32,1,50
-71,-15,48
-59,-24,29
-63,-28,19
-69,-23,16
-48,-11,21
-42,-5,24
-31,4,25
-30,8,22
-27,11,11
-22,8,8
-12,9,6
-7,-1,11
-13,-7,20
-35,-36,23
-64,-83,47
-47,-101,56
-1,-107,73
1,-101,66
-13,-79,43
-35,-67,24
-41,-64,22
-47,-61,17
-43,-60,15
-38,-57,15
-31,-58,20
-24,-58,21
-22,-65,22
-24,-65,22
-25,-64,17
-27,-62,14
-27,-61,13
-25,-60,13
-24,-61,12
-21,-62,14
-18,-61,13
-18,-60,12
-20,-64,15
-18,-64,15
-16,-62,13
-14,-60,16
-15,-59,18
-19,-59,19
-20,-59,18
-24,-63,22
-22,-63,27
-24,-63,28
-27,-64,28
-29,-60,25
-26,-54,29
-22,-42,24
-23,-39,21
-43,-37,13
-42,-36,11
-30,-37,9
-42,-36,-13
-48,-33,-17
-57,-34,-23
-62,-34,-28
-58,-34,-25
-49,-36,-19
-45,-36,-20
-52,-37,-21
-53,-37,-19
-47,-33,-14
-57,-29,-15
-61,-31,-16
-65,-39,-21
-64,-43,-22
-57,-46,-12
-53,-43,-7
-51,-44,-7
-54,-43,-12
-57,-44,-15
-53,-47,-10
-29,-45,-2
-17,-45,3
-7,-49,21
-11,-51,35
-16,-48,40
-22,-48,25
-29,-50,24
-39,-52,23
-42,-51,21
-32,-50,21
-24,-48,26
-20,-46,28
-18,-48,25
-26,-55,25
-44,-62,21
-33,-61,26
-28,-58,30
-37,-57,32
-42,-56,32
-46,-54,25
-46,-48,33
-42,-48,38
-44,-49,41
-45,-48,38
-39,-49,40
-31,-52,46
-28,-50,47
-28,-47,46
-26,-47,45
-20,-44,45
-22,-45,43
-18,-43,40
-15,-39,33
-14,-37,34
-13,-35,41
-16,-31,36
-15,-27,35
-12,-25,46
-9,-24,48
-16,-22,43
-20,-20,47
-18,-20,51
-21,-19,53
-24,-24,50
-25,-19,52
-24,-18,55
-24,-21,55
-26,-24,52
-27,-21,52
-32,-25,52
-28,-28,53
-29,-24,52
-28,-27,50
-30,-29,50
-33,-31,49
-31,-30,48
-30,-30,48
-29,-30,46
-30,-31,45
-34,-31,44
-35,-31,45
-35,-33,45
-38,-33,45
-38,-34,43
-41,-28,47
-45,-25,40
-48,-26,34
-50,-21,34
-49,-18,34
-46,-20,32
-42,-21,28
-43,-20,32
-49,-21,36
-48,-23,37
-46,-26,34
-44,-26,33
-38,-25,38
-35,-27,41
-35,-27,40
-50,-33,37
-46,-33,37
-43,-33,43
-46,-26,47
-46,-26,41
-46,-23,36
-46,-26,27
-52,-27,15
-57,-28,21
-54,-27,29
-49,-27,31
-44,-29,35
-42,-29,36
-39,-28,35
-38,-28,34
-39,-33,34
-36,-35,42
-36,-35,43
-31,-34,49
-38,-33,48
-48,-31,38
-42,-31,41
-38,-31,45
-37,-30,43
-39,-29,40
-36,-30,40
-37,-29,41
-36,-29,43
-42,-29,40
-43,-29,38
-35,-31,42
-35,-30,43
-39,-30,40
-40,-31,37
-39,-31,39
-39,-32,42
-37,-31,41
-37,-31,39
-38,-30,40
-36,-30,41
-38,-28,39
-37,-29,40
-38,-29,40
-40,-30,42
-39,-29,43
-41,-27,38
-41,-27,40
-41,-25,40
-40,-24,39
-41,-25,40
-41,-28,44
-44,-27,41
-40,-28,43
-40,-25,41
-42,-24,38
-35,-25,44
-38,-25,44
-40,-25,42
-41,-24,40
-40,-25,41
-37,-24,42
-38,-25,41
-39,-24,40
-41,-24,40
-42,-22,39
-40,-25,41
-42,-25,44
-44,-25,47
-44,-24,47
-40,-25,48
-37,-25,50
-39,-22,46
-39,-24,45
-40,-25,47
-40,-24,47
-32,-24,47
-33,-25,39
-36,-22,38
-36,-22,47
-42,-24,48
-54,-26,51
-47,-26,48
-38,-28,43
-24,-28,35
-24,-22,36
-26,-8,25
-34,-5,15
-50,-10,9
-79,-24,0
-82,-30,3
-79,-22,-7
-70,-19,7
-52,-15,20
-30,-19,34
-26,-19,41
-34,-18,42
-40,-22,42
-40,-22,41
-38,-23,46
-41,-23,47
-35,-23,50
-36,-24,52
-38,-22,54
-40,-17,58
-37,-10,61
-30,-10,62
-26,-24,64
-24,-28,64
-26,-37,58
-33,-40,54
-31,-44,44
-22,-36,43
-23,-32,42
-24,-28,41
-22,-24,40
-17,-21,45
-18,-19,48
-19,-18,49
-19,-18,51
-21,-19,53
-23,-18,55
-17,-13,56
-14,-23,53
-24,-17,55
-25,-16,55
-20,-17,53
-21,-16,52
-23,-17,54
-25,-19,53
-25,-18,51
-27,-17,52
-29,-16,52
-29,-16,53
-29,-19,53
-28,-18,52
-33,-16,55
-34,-18,53
-30,-18,55
-32,-16,55
-34,-16,57
-30,-17,54
-28,-19,52
-27,-19,53
-27,-19,50
-29,-20,47
-29,-18,45
-30,-15,49
-31,-12,48
-30,-15,48
-29,-16,53
-30,-18,57
-30,-18,53
-31,-19,52
-30,-17,53
-30,-16,52
-31,-17,51
-31,-21,52
-30,-21,53
-30,-18,51
-30,-19,51
-31,-19,53
-31,-20,56
-30,-19,53
-31,-15,51
-29,-11,50
-28,-9,46
-29,-13,43
-30,-15,45
-36,-22,53
-35,-22,52
-34,-23,54
-29,-19,56
-28,-23,58
-33,-10,60
-23,-21,60
-30,-15,58
-26,-16,56
-26,-16,55
-28,-13,48
-30,-12,46
-28,-14,48
-24,-15,45
-23,-15,44
-24,-16,46
-26,-18,49
-27,-16,52
-21,-12,59
-22,-26,56
-25,-11,56
-28,-9,54
-25,-13,57
-22,-16,57
-22,-15,56
-27,-16,54
-27,-19,56
-24,-21,55
-25,-16,56
-25,-18,56
-24,-20,53
-23,-23,53
-21,-25,56
-19,-21,65
-12,-20,69
-15,-14,58
-21,-15,58
-26,-12,56
-19,-5,51
-18,1,33
-39,-20,31
-40,-3,49
-23,-15,49
-22,-12,48
-23,-12,44
-23,-13,29
-20,-14,20
-16,-16,12
-13,-22,27
-25,-35,41
-57,-67,54
-52,-85,48
-47,-84,78
-51,-68,66
-50,-62,61
-35,-49,43
-29,-38,30
-32,-16,8
-44,2,-5
-50,7,-6
-105,-8,-16
-128,-28,-30
-128,-54,-27
-128,-47,-33
-120,-43,-24
-43,-25,-11
-23,-23,-4
0,-32,0
17,-21,3
19,-21,1
18,-20,-3
11,-20,-1
-7,-15,3
-29,-16,1
-34,-17,12
-45,-32,30
-21,-35,32
-57,-82,65
-64,-91,63
-48,-79,59
-27,-73,44
-31,-73,39
-37,-74,30
-42,-89,24
-49,-92,15
-60,-86,3
-63,-75,2
-46,-67,9
-44,-63,13
-51,-64,12
-46,-78,8
-48,-84,7
-39,-93,1
-32,-76,9
-32,-67,17
-38,-55,10
-30,-50,9
-38,-54,18
-38,-46,-1
-42,-32,1
-44,-14,5
-38,-8,5
-31,1,-7
-33,-6,-22
-42,-13,-28
-36,-25,-53
-45,-21,-62
-61,-25,-70
-66,-16,-73
-56,-12,-65
-41,-8,-43
-40,-7,-32
-40,-10,-8
-31,-3,11
-22,-2,15
-12,-25,41
18,-28,62
-10,-38,63
-54,-41,59
-42,-42,57
-24,-32,53
-27,-29,57
-30,-30,55
-38,-25,47
-42,-19,51
-40,-16,58
-43,-13,59
-37,-7,64
-31,-14,66
-32,-17,66
-25,-21,62
-21,-24,59
-32,-32,61
-25,-38,52
-18,-37,48
-6,-27,40
-15,-35,44
-20,-28,37
-24,-22,35
-21,-13,44
-15,-16,48
-9,-12,46
-11,-14,49
-20,-15,48
-20,-12,49
-26,-12,49
-24,-15,53
-22,-17,53
-28,-22,49
-36,-16,45
-30,-20,54
-32,-21,54
-30,-25,57
-28,-25,61
-26,-25,60
-29,-19,57
-32,-19,56
-39,-19,49
-37,-21,46
-34,-19,50
-35,-23,50
-34,-25,48
-34,-24,50
-35,-24,50
-35,-24,48
-35,-32,48
-33,-32,49
-20,-26,55
-25,-23,49
-31,-27,46
-45,-25,33
-45,-22,38
-42,-21,41
-42,-23,40
-43,-25,39
-47,-26,46
-45,-26,46
-40,-21,44
-39,-15,44
-42,-9,44
-55,-10,51
-49,-12,51
-50,-14,40
-54,-12,36
-55,-12,37
-58,-12,28
-60,-6,21
-66,-1,15
-70,-2,1
-71,-4,-5
-66,-11,19
-63,-17,25
-38,-21,33
-38,-10,21
-34,-9,29
-53,-5,17
-56,-6,10
-63,-6,-4
-57,4,-28
-56,6,-32
-63,0,-25
-64,1,-31
-58,10,-40
-58,9,-32
-60,6,-26
-69,5,-28
-70,4,-32
-76,-5,-32
-77,-15,-9
-79,-15,-1
-74,-21,-2
-77,-34,10
-68,-31,17
-54,-38,33
-34,-33,59
-24,-26,45
-13,-29,43
-29,-27,49
-45,-25,39
-52,-23,29
-66,-19,17
-71,-17,13
-81,-7,-19
-83,-6,-22
-80,-4,-20
-72,-2,-22
-69,-4,-18
-66,-10,3
-65,-10,18
-59,-11,24
-58,-17,33
-54,-18,46
-59,-20,36
-15,-33,65
-51,-4,50
-62,-17,35
-66,-12,33
-55,-4,34
-48,2,30
-50,3,34
-64,5,26
-67,6,25
-56,11,18
-51,4,4
-52,-11,4
-40,-11,27
-40,2,32
-18,8,18
-89,2,-7
-93,-5,-21
-86,0,-51
-89,-1,-40
-78,-1,-12
-57,14,-19
-57,10,-23
-59,2,-3
-54,4,-3
-36,5,2
-27,1,9
-20,2,13
-12,-2,18
-35,-20,18
-51,-45,10
-2,-54,34
2,-65,51
-2,-80,59
-4,-80,48
-18,-82,39
-33,-75,31
-44,-73,23
-35,-68,23
-30,-69,28
-21,-69,31
-21,-70,26
-25,-69,24
-28,-63,18
-30,-62,15
-29,-61,15
-27,-60,13
-26,-61,14
-24,-62,16
-24,-61,16
-24,-63,18
-23,-67,22
-26,-69,19
-28,-69,28
-29,-68,35
-27,-70,41
-30,-66,47
-29,-62,48
-19,-51,50
-14,-45,50
-19,-38,45
-26,-35,32
-22,-28,31
-17,-24,38
-17,-23,37
-23,-14,31
-21,-16,43
-17,-16,48
-18,-12,46
-21,-13,49
-20,-14,52
-19,-10,52
-5,-9,55
-23,-1,57
-17,-8,58
-20,-8,56
-17,-10,57
-18,-7,58
-18,-9,58
-16,-8,58
-17,-8,57
-20,-8,57
-22,-8,56
-20,-10,58
-20,-10,58
-22,-7,57
-22,-8,55
-21,-10,54
-23,-8,54
-23,-9,53
-24,-11,51
-26,-12,52
-26,-12,52
-26,-13,52
-27,-12,52
-26,-12,54
-26,-17,55
-23,-10,57
-28,-11,55
-29,-14,56
-31,-11,57
-29,-11,59
-32,-12,57
-37,-10,57
-35,-10,58
-32,-11,60
-39,-9,58
-40,-8,58
-37,-11,67
-54,-8,54
-51,1,22
-74,3,-30
-76,16,-50
-50,26,-48
-50,23,-52
-43,11,-49
-13,13,-40
-3,13,-34
-1,16,-40
-3,19,-47
-10,14,-50
-12,17,-54
-10,18,-57
-12,27,-55
-8,30,-57
-7,36,-58
3,34,-55
2,33,-55
1,28,-53
-3,23,-45
-1,17,-48
0,14,-46
1,15,-42
-2,15,-36
-3,9,-48
-1,-6,-66
-24,1,-68
-16,-4,-70
-20,-4,-77
-28,-12,-69
-27,7,-68
-21,-2,-66
-19,-7,-65
-22,-8,-58
-24,-15,-50
-18,-16,-54
-26,-20,-55
-24,-22,-53
-16,-22,-50
-25,-28,-52
-31,-36,-53
-23,-46,-51
-25,-46,-52
-30,-42,-53
-31,-40,-48
-29,-44,-42
-34,-41,-49
-32,-41,-46
-26,-45,-43
-29,-45,-44
-27,-48,-41
-27,-47,-44
-27,-46,-45
-23,-46,-39
-22,-45,-44
-27,-43,-50
-26,-46,-47
-23,-45,-42
-34,-44,-48
-38,-42,-49
-29,-41,-42
-16,-39,-44
-30,-34,-51
-29,-34,-53
-23,-35,-49
-19,-37,-48
-19,-36,-52
-22,-34,-48
-30,-29,-55
-23,-26,-54
-23,-25,-56
-23,-29,-61
-17,-20,-49
-18,-21,-55
-19,-27,-56
-25,-31,-51
-23,-20,-54
-19,-22,-52
-24,-24,-55
-23,-23,-56
-24,-23,-58
-24,-22,-57
-20,-21,-53
-22,-22,-57
-24,-22,-59
-23,-22,-58
-25,-22,-56
-27,-23,-55
-25,-21,-58
-25,-19,-57
-22,-18,-55
-23,-19,-54
-21,-20,-54
-23,-16,-57
-22,-18,-58
-20,-18,-56
-22,-17,-57
-23,-18,-60
-23,-18,-60
-23,-15,-57
-24,-16,-57
-23,-14,-56
-28,-19,-61
-25,-18,-58
-23,-17,-58
-26,-15,-58
-24,-17,-58
-24,-16,-57
-24,-16,-58
-25,-15,-58
-23,-17,-57
-22,-17,-56
-24,-16,-56
-27,-17,-56
-27,-17,-56
-25,-16,-56
-25,-15,-55
-26,-16,-55
-25,-17,-57
-25,-17,-58
-25,-14,-56
-27,-15,-59
-25,-15,-58
-25,-14,-57
-25,-14,-57
-29,-16,-59
-26,-16,-59
-27,-15,-59
-24,-16,-57
-23,-14,-57
-24,-13,-59
-25,-15,-60
-24,-16,-60
-25,-15,-61
-26,-17,-62
-26,-19,-59
-26,-15,-56
-25,-14,-55
-23,-12,-54
-23,-12,-54
-27,-14,-60
-29,-15,-59
-27,-14,-57
-28,-10,-52
-29,-9,-53
-28,-10,-53
-23,-11,-50
-29,-11,-52
-32,-13,-55
-34,-12,-57
-32,-13,-54
-30,-12,-54
-31,-12,-56
-32,-14,-56
-31,-14,-56
-33,-10,-59
-35,-9,-56
-35,-10,-55
-33,-10,-56
-33,-10,-58
-27,-11,-53
-24,-11,-48
-21,-12,-47
-23,-15,-53
-27,-17,-58
-26,-20,-56
-29,-20,-54
-32,-18,-56
-34,-19,-59
-34,-11,-59
-34,-15,-57
-27,-15,-55
-26,-16,-55
-28,-17,-55
-31,-14,-55
-29,-15,-57
-27,-19,-53
-30,-17,-54
-30,-17,-55
-28,-16,-54
-28,-16,-51
-34,-19,-47
-34,-28,-44
-30,-30,-40
-31,-31,-43
-28,-28,-44
-31,-32,-50
-38,-33,-46
-46,-21,-47
-47,-17,-59
-57,-5,-60
-57,-13,-49
-52,-16,-46
-56,-10,-55
-59,-10,-53
-57,-12,-46
-50,-16,-47
-50,-17,-48
-45,-19,-46
-43,-20,-47
-40,-21,-46
-37,-23,-45
-40,-24,-47
-45,-30,-51
-46,-27,-53
-49,-26,-55
-47,-17,-51
-43,-12,-46
-41,-6,-40
-35,-7,-34
-39,-2,-35
-57,-3,-51
-56,-5,-55
-57,-5,-51
-61,3,-50
-45,14,-49
-49,25,-34
-37,24,-24
-24,22,-23
-15,23,-22
-8,22,-19
-10,18,-45
-9,17,-55
-37,7,-79
-44,9,-91
-48,8,-89
-57,21,-74
-49,31,-55
-34,37,-50
-42,36,-32
-22,32,27
-26,29,10
-17,24,-19
-36,10,-68
-53,-2,-91
-27,7,-80
-9,17,-63
-11,19,-58
-19,18,-42
-20,19,-41
-19,20,-48
-21,22,-52
-26,21,-47
-27,17,-29
-23,15,-21
-30,11,-18
-44,5,-40
-52,-2,-47
-41,-20,-39
-25,-33,-19
18,-49,18
20,-97,51
12,-111,54
-3,-128,34
-15,-128,23
-31,-102,1
-38,-80,6
-32,-78,11
-33,-72,13
-32,-65,9
-34,-63,7
-35,-57,5
-35,-55,6
-35,-55,7
-36,-57,7
-34,-60,7
-31,-62,4
-31,-64,5
-29,-69,6
-31,-71,4
-34,-74,5
-37,-78,6
-43,-77,7
-51,-79,0
-54,-75,-6
-66,-62,-15
-52,-52,-9
-46,-45,-9
-38,-40,-14
-35,-35,-15
-30,-28,-13
-27,-29,-9
-29,-29,-5
-36,-25,2
-43,-27,-2
-44,-24,-7
-57,-26,-1
-53,-25,3
-45,-20,8
-49,-20,8
-62,-23,4
-60,-21,3
-65,-20,1
-74,-25,0
-73,-23,-3
-72,-23,-12
-70,-18,-16
-64,-17,-16
-61,-16,-24
-64,-18,-30
-57,-23,-32
-53,-26,-26
-53,-26,-27
-51,-28,-35
-51,-30,-36
-53,-29,-34
-52,-32,-34
-49,-31,-32
-48,-26,-30
-47,-25,-30
-48,-22,-34
-52,-21,-34
-56,-21,-34
-81,-30,-44
-88,-38,-45
-83,-47,-17
-59,-34,-5
-50,-14,-16
-24,3,-6
-16,10,0
-24,8,-12
-19,10,-25
-23,6,-33
-45,-12,-68
-32,-8,-79
-27,-8,-74
-47,-15,-65
-42,-6,-59
-43,0,-54
-37,5,-57
-34,7,-43
-54,5,-46
-62,7,-48
-50,10,-37
-41,8,-31
-45,-5,-30
-50,-16,-35
-51,-21,-38
-53,-28,-39
-53,-24,-48
-43,-23,-62
-44,-16,-54
-39,-16,-50
-43,-4,-50
-45,-17,-56
-41,-6,-55
-36,-10,-51
-34,-15,-52
-36,-18,-55
-36,-8,-55
-34,-18,-51
-34,-15,-49
-38,-12,-47
-39,-16,-46
-43,-13,-49
-43,-16,-51
-40,-13,-47
-41,-14,-47
-47,-16,-48
-46,-15,-49
-59,-22,-56
-63,-27,-57
-60,-24,-52
-46,-14,-25
-34,-10,-14
-19,2,-17
-30,7,-28
-28,8,-26
-40,-4,-52
-48,-12,-70
-47,-20,-76
-35,-23,-68
-37,-16,-63
-34,-3,-63
-43,-3,-69
-59,-1,-72
-51,15,-71
-51,11,-63
-33,15,-49
-22,15,-38
-12,13,-38
-3,11,-40
-4,9,-34
-10,11,-25
-9,8,-27
-16,4,-45
-21,-8,-35
-37,-15,-37
-82,-21,-63
-93,-13,-77
-79,-8,-91
-76,1,-78
-68,4,-69
-43,7,-51
-36,9,-48
-30,7,-40
-38,7,-41
-34,9,-41
-30,11,-34
-27,12,-27
-33,11,-13
-54,7,-10
-66,0,-4
-76,-18,1
-65,-26,32
-39,-7,69
-39,2,32
-35,6,21
-46,5,7
-52,7,7
-71,1,0
-74,-6,-14
-64,-10,-12
-57,-15,19
-57,-18,31
-57,-19,30
-66,-23,18
-66,-22,14
-62,-15,8
-45,-16,4
-46,-14,-9
-58,-5,-41
-56,1,-44
-45,0,-44
-42,0,-44
-47,-3,-37
-34,-11,-28
-28,-14,-35
-36,-25,-63
-34,-31,-58
-28,-32,-27
-25,-51,-10
-27,-69,6
-28,-86,17
-28,-87,14
-36,-89,-5
-49,-76,-16
-46,-77,-9
-45,-64,-19
-52,-58,-29
-51,-47,-35
-52,-41,-40
-51,-44,-39
-50,-42,-46
-46,-41,-50
-53,-39,-57
-54,-44,-57
-49,-40,-58
-48,-36,-67
-48,-37,-67
-41,-36,-65
-37,-31,-68
-34,-30,-65
-28,-30,-55
-24,-29,-51
-20,-28,-44
-15,-25,-48
-12,-23,-46
-21,-18,-47
-20,-10,-47
-32,21,-57
-16,-2,-44
-24,39,-39
-24,14,-47
-33,17,-52
-27,27,-46
-22,35,-47
-23,36,-51
-26,32,-50
-27,31,-49
-26,33,-51
-23,35,-52
-23,37,-49
-25,33,-45
-24,35,-42
-21,36,-32
-27,28,-27
-17,20,-19
-36,30,-23
-26,21,-28
-21,11,-30
-30,3,-25
-18,-1,-17
-44,-29,-3
-63,-61,-8
9,-48,29
8,-84,45
-3,-101,43
-11,-111,24
-15,-128,17
-40,-128,8
-61,-108,-6
-57,-93,-6
-37,-84,8
-37,-83,10
-41,-69,11
-41,-57,0
-42,-52,-5
-52,-48,-5
-51,-51,-9
-55,-56,-7
-53,-61,-2
-58,-61,-4
-64,-67,-6
-64,-71,-8
-70,-80,-19
-64,-87,-18
-64,-81,-23
-63,-72,-29
-59,-66,-28
-50,-52,-21
-41,-37,-16
-35,-31,-16
-28,-20,-11
-32,-14,-6
-48,-12,-12
-44,1,-7
-50,6,-8
-52,3,-10
-52,10,-8
-55,14,-8
-58,15,-9
-59,18,-9
-56,18,-8
-47,16,0
-63,15,-8
-64,17,-14
-51,12,-7
-64,13,-8
-62,11,-12
-57,18,-9
-58,8,-3
-54,10,5
-61,9,-5
-62,10,-6
-67,11,-13
-66,8,-19
-59,7,-11
-59,5,1
-58,4,5
-61,0,6
-69,-4,7
-63,-3,2
-57,-6,14
-57,0,16
-73,-5,5
-64,1,12
-68,10,7
-56,-13,10
-61,-7,12
-69,0,6
-57,-2,7
-55,-1,13
-65,-3,14
-62,-4,15
-63,1,12
-65,-10,12
-69,-8,6
-62,-4,7
-63,-4,6
-64,-1,7
-63,0,9
-62,-6,6
-61,-3,6
-61,-2,7
-64,2,6
-67,0,4
-62,1,6
-64,-3,7
-68,2,7
-63,-5,2
-61,-1,6
-60,-3,7
-61,-4,7
-63,-2,6
-67,-5,6
-62,-13,2
-54,-4,9
-64,0,-2
-61,-7,-3
-62,-3,-4
-61,-8,-7
-60,-5,-7
-59,-3,-7
-59,-3,-10
-61,-5,-18
-64,-8,-18
-65,-10,-16
-64,-12,-15
-64,-11,-16
-65,-13,-16
-63,-13,-14
-64,-12,-15
-66,-12,-13
-66,-13,-10
-69,-12,-13
-72,-14,-12
-65,-9,-11
-38,6,1
-23,11,11
-40,11,-22
-65,-12,-70
-77,-27,-76
-88,-41,-89
-65,-42,-79
-63,-25,-83
-53,6,-56
-48,20,-39
-31,31,-14
-29,27,-12
-34,25,-21
-40,24,-31
-41,27,-37
-58,17,-43
-50,17,-38
12,30,32
11,18,39
-22,18,33
-128,13,-11
-57,22,10
-28,27,8
27,24,51
27,22,54
-2,24,46
-29,25,6
-55,23,-21
-90,29,-26
-88,27,-19
-65,30,-17
-49,29,-10
-49,27,-8
-58,29,-8
-62,26,-6
-65,23,-13
-62,21,-12
-57,19,-11
-51,17,-8
-49,15,-7
-39,13,-4
-26,10,-3
-22,7,-2
-18,-4,6
-17,-9,10
-12,-23,14
-49,-71,20
-54,-95,17
-6,-117,41
-3,-120,47
-8,-110,48
-26,-95,24
-34,-91,11
-40,-77,10
-39,-73,10
-33,-64,15
-33,-58,13
-33,-56,12
-34,-59,10
-36,-60,9
-34,-61,12
-31,-62,13
-30,-64,14
-27,-62,16
-26,-62,14
-26,-61,11
-25,-63,9
-24,-64,9
-24,-63,10
-23,-64,11
-22,-65,10
-20,-65,10
-20,-65,11
-16,-64,15
-14,-64,14
-12,-60,16
-10,-58,18
-11,-57,17
-14,-55,17
-15,-55,17
-16,-54,17
-16,-55,17
-16,-56,18
-18,-60,18
-19,-62,19
-20,-65,18
-21,-66,18
-21,-64,16
-21,-63,14
-21,-63,14
-22,-61,15
-22,-61,14
-23,-61,14
-26,-58,14
-27,-59,13
-28,-59,17
-39,-60,14
-57,-61,11
-99,-63,-3
-85,-73,9
-98,-92,27
-122,-107,1
-116,-112,-4
-79,-92,0
-60,-73,0
-25,-45,4
-9,-28,5
-7,-25,2
-3,-18,7
0,-14,3
3,-11,3
0,-11,5
-2,-11,6
-3,-11,7
-6,-14,6
-28,-30,3
-44,-43,0
-44,-50,0
-91,-92,3
-92,-103,4
-75,-100,8
-74,-105,8
-69,-98,10
-57,-82,13
-48,-78,16
-37,-74,10
-48,-80,-8
-49,-81,-13
-34,-72,-36
-34,-66,-50
-50,-46,-59
-54,-47,-48
-50,-49,-40
-42,-51,-37
-49,-57,-35
-63,-70,-35
-67,-96,-45
-65,-118,-50
-55,-128,-11
-46,-128,4
-9,-128,12
-4,-83,11
-5,-66,14
-18,-43,15
-17,-39,10
-10,-29,3
-7,-15,-3
-8,-10,-4
-13,-7,-5
-22,-6,-1
-39,-10,6
-55,-15,12
-57,-22,6
-57,-26,19
-49,-29,21
-95,-45,3
-80,-52,-3
-73,-52,-10
-86,-48,-29
-88,-51,-41
-61,-44,-49
-39,-31,-37
-31,-21,-29
-35,-21,-37
-52,-32,-41
-58,-20,-36
-60,-30,-41
-59,-32,-34
-67,-26,-24
-54,-27,-13
-53,-30,-11
-29,2,26
-11,-7,33
-48,-11,-1
-52,-18,-3
-64,-32,18
-43,-45,32
-52,-46,9
-47,-50,6
-43,-50,12
-38,-50,20
-47,-47,21
-42,-38,19
-35,-32,2
-30,-29,-4
-17,-16,-3
-14,-7,5
-57,-20,-7
-82,-44,-6
-57,-43,5
2,-28,25
2,-76,41
-11,-80,44
-19,-93,30
-26,-103,20
-57,-99,0
-82,-85,-25
-61,-88,-24
40,-89,23
44,-72,43
16,-51,40
5,-46,24
-1,-46,18
-26,-48,9
-36,-51,6
-56,-64,1
-49,-70,14
-40,-76,26
-42,-78,22
-39,-71,9
-38,-52,-9
-48,-25,-26
-57,-11,-28
-64,-15,-35
-55,-25,-23
-43,-13,-26
-34,-10,-25
-30,-9,-26
-38,-5,-48
-35,-2,-49
-32,1,-34
-44,-6,-30
-43,-8,-36
-36,-11,-37
-40,-13,-32
-46,-15,-26
-38,-17,-26
-32,-19,-26
-17,-34,-16
-10,-43,-11
16,-83,25
27,-122,47
11,-125,38
-25,-103,19
-30,-85,14
-20,-73,9
-22,-72,6
-28,-70,7
-32,-56,9
-36,-52,10
-35,-49,12
-31,-58,13
-30,-61,14
-23,-64,17
-20,-64,17
-17,-65,16
-16,-65,16
-18,-65,15
-19,-63,15
-20,-63,14
-20,-61,13
-20,-60,12
-21,-59,12
-20,-60,15
-20,-61,15
-19,-63,15
-16,-63,17
-13,-62,17
-9,-61,14
-9,-62,15
-10,-61,17
-15,-59,17
-17,-59,17
-18,-56,16
-18,-56,14
-15,-58,14
-16,-60,15
-18,-61,16
-20,-62,14
-21,-64,14
-20,-65,15
-20,-64,13
-20,-65,11
-20,-67,13
-20,-63,13
-20,-61,12
-22,-58,13
-23,-58,14
-25,-58,13
-26,-59,13
-24,-60,16
-22,-62,15
-21,-62,15
-20,-63,15
-20,-62,15
-20,-62,13
-20,-62,13
-19,-61,13
-19,-61,13
-19,-62,13
-19,-61,13
-19,-61,11
-19,-61,10
-16,-63,15
-16,-63,13
-21,-66,13
-21,-64,13
-24,-62,12
-35,-67,6
-32,-65,7
-31,-61,5
-37,-56,6
-38,-53,10
-33,-50,19
-31,-48,20
-28,-48,16
-27,-48,15
-24,-48,19
-22,-51,18
-23,-51,18
-19,-53,23
-19,-55,23
-20,-56,22
-20,-57,20
-21,-57,18
-22,-57,15
-23,-58,14
-23,-59,14
-23,-63,13
-23,-65,13
-22,-66,13
-21,-66,14
-21,-66,13
-22,-65,12
-22,-65,13
-23,-63,13
-22,-62,15
-22,-61,15
-26,-60,14
-24,-60,14
-27,-61,10
-25,-61,17
-28,-61,16
-29,-60,17
-26,-60,21
-32,-61,22
-35,-62,19
-25,-62,28
-37,-62,20
-38,-62,18
-28,-65,25
-11,-56,34
-10,-52,34
-9,-43,36
-14,-42,38
-11,-38,38
-17,-33,34
-21,-33,37
-21,-30,35
-21,-30,28
-34,-33,20
-30,-38,37
-26,-36,41
-13,-28,29
-8,-29,16
-11,-46,19
-16,-64,27
-20,-73,26
-19,-82,28
-14,-84,30
-17,-84,26
-19,-77,18
-21,-74,14
-21,-70,9
-20,-68,9
-17,-63,9
-21,-59,9
-23,-57,10
-24,-57,9
-25,-56,8
-26,-56,10
-25,-59,11
-26,-62,11
-26,-65,14
-24,-65,15
-21,-63,15
-19,-64,15
-20,-64,15
-22,-63,15
-21,-63,14
-20,-61,11
-20,-63,11
-20,-65,13
-23,-69,14
-23,-70,12
-23,-66,9
-25,-64,11
-29,-64,10
-28,-63,7
-27,-61,9
-28,-59,17
-34,-59,15
-35,-56,13
-43,-57,16
-45,-60,20
-39,-54,27
-34,-50,32
-27,-47,34
-8,-33,38
-2,-28,41
-19,-15,23
-54,-12,-15
-53,-6,-19
-80,-26,-20
-72,-37,-36
-54,-27,-56
-51,-31,-39
-49,-29,-32
-43,-31,-21
-40,-30,-19
-47,-30,-18
-54,-29,-19
-52,-31,-17
-49,-29,-15
-52,-29,-16
-55,-30,-17
-53,-31,-19
-52,-31,-18
-58,-31,-20
-58,-31,-22
-52,-32,-22
-54,-34,-18
-54,-36,-21
-58,-39,-28
-62,-41,-30
-73,-42,-47
-68,-39,-36
-68,-36,-36
-55,-31,-17
-49,-24,-4
-52,-22,-6
-47,-28,-17
-43,-29,-14
-55,-39,-4
-52,-43,6
-22,-43,41
-6,-38,49
-11,-36,49
-24,-33,49
-23,-32,49
-24,-31,47
-25,-31,42
-24,-30,40
-25,-31,41
-24,-32,42
-23,-33,42
-24,-36,38
-26,-38,37
-27,-40,42
-24,-39,41
-15,-38,33
-14,-42,30
-22,-46,34
-20,-54,31
-19,-57,28
-18,-63,22
-23,-74,19
-34,-79,16
-32,-77,11
-31,-76,11
-32,-69,15
-30,-62,9
-31,-60,8
-35,-55,4
-38,-53,-2
-46,-52,-9
-49,-51,-7
-47,-49,-7
-40,-47,-9
-40,-47,-9
-43,-54,-7
-37,-59,-6
-36,-63,-3
-31,-66,2
-25,-64,8
-24,-62,6
-27,-62,9
-28,-61,16
-26,-61,15
-27,-61,13
-25,-59,19
-24,-52,25
-26,-51,24
-23,-45,18
-24,-45,15
-26,-48,21
-26,-51,19
-26,-54,20
-29,-57,23
-29,-57,24
-30,-57,24
-29,-53,22
-29,-52,21
-33,-52,19
-33,-52,19
-36,-52,21
-37,-53,20
-38,-56,20
-42,-59,20
-44,-60,21
-45,-64,23
-46,-66,24
-46,-66,23
-46,-46,19
-44,-41,16
-51,-35,12
-39,-27,11
-33,-22,13
-23,-15,14
-23,-12,12
-23,-8,7
-64,-20,-11
-86,-36,-31
-66,-52,-15
-61,-50,3
-67,-36,-13
-46,-28,-16
-50,-29,-18
-54,-29,-8
-52,-29,-5
-46,-30,-2
-39,-26,-2
-40,-27,-4
-52,-43,-9
-46,-46,-3
-44,-53,18
-43,-66,27
-42,-63,27
-51,-53,21
-53,-51,19
-58,-44,11
-62,-40,9
-62,-36,8
-59,-32,6
-57,-30,7
-60,-32,6
-59,-35,7
-56,-36,8
-52,-38,10
-50,-40,13
-43,-42,18
-43,-44,19
-43,-44,18
-40,-40,22
-40,-39,24
-41,-40,25
-36,-33,28
-44,-41,23
-53,-25,19
-49,-22,20
-44,-34,26
-43,-28,33
-44,-26,34
-52,-31,27
-52,-29,26
-52,-28,29
-50,-26,31
-49,-25,30
-52,-29,26
-52,-28,28
-49,-25,29
-53,-26,25
-49,-31,27
-46,-28,30
-48,-32,29
-47,-28,29
-47,-25,33
-47,-24,35
-54,-23,30
-60,-25,24
-50,-25,30
-50,-24,32
-50,-25,34
-55,-26,25
-69,-16,18
-46,-29,28
-50,-23,28
-54,-25,27
-57,-24,20
-59,-23,17
-59,-22,17
-54,-23,18
-52,-23,18
-52,-22,15
-53,-23,16
-52,-23,18
-54,-24,17
-55,-24,18
-56,-28,17
-58,-25,16
-57,-24,14
-55,-23,9
-53,-21,9
-58,-23,3
-59,-23,0
-58,-26,-2
-68,-29,-5
-70,-31,-6
-69,-34,-4
-68,-32,-1
-62,-30,0
-65,-28,-4
-64,-28,-3
-58,-20,-1
-58,-15,-4
-57,-11,-10
-53,-12,-11
-51,-10,-10
-49,-10,-11
-49,-11,-13
-50,-15,-18
-41,-14,-18
-52,-19,-31
-52,-21,-35
-49,-20,-37
-50,-25,-43
-44,-25,-45
-42,-26,-48
-41,-30,-51
-43,-29,-48
-41,-30,-50
-38,-32,-50
-42,-35,-51
-49,-28,-53
-43,-28,-45
-39,-23,-39
-43,-20,-38
-42,-19,-38
-41,-18,-38
-41,-21,-38
-43,-26,-46
-36,-32,-47
-41,-31,-46
-44,-31,-51
-45,-30,-57
-52,-33,-51
-75,-28,-67
-63,-25,-59
-74,-31,-38
-64,-39,-23
-35,-30,33
-15,-38,53
-3,-44,62
9,-41,58
9,-36,57
-8,-25,39
-31,-6,21
-46,3,14
-52,19,3
-66,9,-2
-66,-7,8
-68,-16,5
-71,-21,7
-61,-18,15
-59,-15,14
-55,-14,3
-54,-16,7
-59,-18,10
-60,-18,10
-55,-15,4
-60,-20,-8
-63,-27,10
-64,-29,14
-61,-24,7
-63,-28,1
-68,-32,15
-62,-28,18
-60,-26,11
-59,-22,8
-60,-21,5
-62,-22,2
-58,-22,2
-64,-22,-1
-66,-25,-2
-67,-25,1
-59,-24,7
-52,-17,3
-51,-16,-1
-52,-13,-5
-54,-13,-6
-59,-17,-5
-61,-22,0
-57,-22,6
-64,-28,7
-63,-28,7
-58,-29,8
-56,-26,16
-55,-25,19
-56,-26,18
-59,-26,17
-59,-27,18
-59,-26,20
-58,-27,19
-55,-25,17
-54,-23,15
-54,-22,16
-54,-23,15
-52,-23,13
-53,-22,10
-55,-22,10
-62,-23,11
-61,-25,10
-61,-26,11
-57,-25,14
-56,-25,13
-58,-27,11
-59,-26,11
-61,-26,12
-62,-26,12
-63,-26,11
-65,-32,15
-58,-33,20
-51,-29,20
-44,-25,8
-44,-22,4
-40,-19,13
-58,-16,-11
-58,-16,-18
-61,-23,-20
-69,-26,-40
-60,-23,-42
-54,-22,-42
-51,-20,-38
-46,-17,-35
-44,-17,-36
-45,-17,-37
-52,-18,-38
-54,-19,-37
-49,-19,-25
-54,-21,-15
-49,-20,-14
-36,-19,-14
-30,-28,-12
-7,-34,9
17,-63,36
23,-78,39
4,-105,23
-11,-113,16
-47,-98,5
-44,-72,0
-33,-70,3
-22,-66,12
-19,-62,14
-23,-58,17
-25,-54,17
-26,-53,15
-30,-54,14
-29,-56,15
-27,-64,14
-23,-70,18
-20,-69,19
-16,-68,21
-15,-68,20
-13,-66,18
-17,-65,15
-18,-65,15
-22,-61,13
-21,-59,14
-18,-55,13
-16,-54,13
-15,-54,14
-15,-53,14
-16,-52,15
-18,-53,15
-21,-56,16
-21,-57,16
-21,-60,16
-21,-61,17
-21,-61,20
-21,-60,19
-21,-61,18
-21,-63,19
-22,-63,19
-24,-61,18
-24,-61,16
-25,-61,17
-25,-62,15
-25,-62,15
-25,-62,15
-25,-61,14
-25,-62,14
-23,-62,14
-23,-62,14
-23,-62,13
-22,-61,14
-21,-60,14
-21,-61,12
-20,-61,14
-20,-62,13
-19,-63,15
-21,-64,15
-24,-62,11
-24,-61,13
-18,-60,21
-15,-57,18
-17,-54,18
-22,-55,18
-26,-57,17
-24,-58,16
-23,-57,18
-24,-56,18
-29,-56,14
-27,-56,15
-27,-57,17
-29,-56,19
-29,-56,19
-28,-55,18
-33,-56,19
-34,-55,20
-29,-52,24
-28,-50,25
-26,-46,22
-26,-45,20
-26,-46,17
-25,-46,13
-26,-47,12
-26,-53,13
-24,-57,15
-21,-68,17
-21,-72,20
-20,-70,21
-18,-65,21
-17,-65,19
-15,-66,17
-16,-65,17
-16,-62,15
-18,-61,14
-19,-61,15
-19,-59,14
-19,-59,13
-19,-60,14
-19,-61,14
-19,-60,14
-19,-59,14
-20,-59,13
-19,-61,15
-19,-63,17
-19,-63,17
-20,-60,15
-20,-59,15
-19,-60,16
-18,-62,16
-18,-62,16
-19,-61,17
-18,-61,17
-16,-60,16
-16,-58,15
-15,-59,15
-16,-59,15
-17,-61,16
-19,-60,16
-21,-60,16
-19,-59,18
-18,-59,19
-21,-61,19
-28,-65,17
-27,-63,21
-29,-61,19
-33,-58,15
-31,-56,15
-28,-53,18
-27,-51,20
-26,-50,18
-25,-50,16
-24,-50,17
-21,-52,16
-20,-53,16
-20,-54,16
-20,-55,16
-17,-57,17
-17,-58,17
-19,-62,15
-28,-68,12
-28,-70,14
-27,-69,20
-28,-66,25
-40,-64,16
-42,-63,15
-49,-65,15
-52,-67,22
-56,-71,17
-13,-62,44
-11,-48,56
-7,-32,39
-6,-18,29
-4,-21,36
-6,-25,29
-10,-28,30
-24,-43,43
-29,-47,47
-27,-49,51
-25,-42,51
-19,-36,51
-9,-23,44
-5,-19,43
-2,-18,42
-14,-26,36
-15,-34,41
-13,-36,46
-18,-38,30
-37,-51,19
-19,-56,49
-19,-50,55
-22,-52,45
-50,-61,28
-61,-58,57
-16,-46,90
-28,-36,81
-38,-36,75
-26,-41,70
-16,-38,64
-16,-37,57
-15,-41,55
-15,-40,47
-12,-42,46
-12,-38,46
-10,-36,49
-9,-32,47
-8,-24,48
-8,-19,53
-7,-16,53
-1,-8,46
-4,-4,45
1,0,50
4,4,49
3,5,48
1,8,54
2,8,56
12,6,60
1,14,53
4,18,54
0,16,57
-1,15,56
-6,16,60
-7,13,60
-7,13,60
-10,17,61
-11,17,62
-11,15,59
-18,15,58
-23,18,58
-18,17,62
-17,15,55
-32,18,39
-39,20,26
-42,21,20
-48,25,-2
-57,27,-11
-48,28,-9
-42,24,-25
-49,24,-37
-54,27,-47
-52,24,-46
-42,21,-39
-43,27,-44
-44,24,-48
-42,23,-45
-42,20,-42
-43,15,-41
-41,11,-36
-38,10,-33
-42,5,-26
-52,1,-27
-43,-13,-14
-46,-21,17
-36,-21,45
-42,-27,55
-52,-28,47
-75,-26,39
-69,-20,45
-57,-19,49
-52,-17,49
-55,-15,48
-58,-16,46
-57,-14,40
-54,-13,39
-49,-14,43
-47,-15,45
-43,-19,41
-44,-23,44
-43,-25,46
-41,-25,44
-39,-26,44
-41,-29,42
-40,-30,46
-40,-31,45
-38,-32,41
-39,-34,45
-34,-27,49
-40,-27,51
-38,-26,56
-40,-25,60
-47,-24,58
-40,-19,53
-33,-14,56
-29,-12,58
-32,-12,48
-29,-9,47
-31,-7,44
-29,-7,41
-30,-8,38
-35,-8,36
-33,-6,39
-30,-4,44
-29,0,40
-32,1,40
-35,1,42
-34,1,45
-34,0,43
-41,-3,44
-42,-3,45
-43,-3,46
-43,-5,46
-50,-8,48
-53,-12,55
-56,-13,59
-53,-15,57
-60,-15,53
-36,-7,63
-38,0,36
-40,5,29
-29,8,22
-21,8,13
-46,-2,-3
-57,-4,-23
-58,-10,-27
-63,-19,-52
-60,-15,-64
-50,-19,-66
-46,-15,-68
-41,-11,-67
-39,-6,-61
-39,-3,-58
-34,-1,-48
-38,0,-45
-40,1,-41
-37,5,-37
-40,5,-40
-43,5,-42
-49,2,-30
-53,1,-35
-58,-2,-47
-67,-6,-48
-78,-10,-58
-61,-2,-35
-52,4,-26
-44,19,-23
-40,21,-22
-40,18,-13
-43,9,-60
-51,-10,-68
-66,-18,-94
-45,-6,-76
-29,8,-53
-27,14,-33
-19,13,-21
-15,10,-34
-25,1,-50
-37,-4,-57
-35,-3,-47
-30,-1,-39
-36,-1,-48
-42,-7,-56
-42,-10,-44
-47,-14,-21
-53,-13,-16
-52,-11,-18
-44,-13,-23
-37,-28,-19
-51,-54,1
-54,-63,3
-15,-60,12
-9,-67,22
-4,-79,34
-13,-89,24
-21,-90,17
-36,-83,4
-43,-77,1
-43,-73,4
-36,-69,13
-32,-66,14
-31,-60,14
-32,-54,14
-31,-51,13
-29,-56,12
-28,-58,12
-26,-61,12
-26,-63,12
-25,-68,11
-23,-69,10
-22,-71,9
-20,-73,10
-19,-70,10
-19,-63,12
-21,-60,9
-23,-61,12
-25,-65,15
-27,-65,15
-27,-61,17
-29,-54,21
-32,-51,17
-38,-51,14
-37,-47,18
-35,-42,19
-32,-40,18
-33,-40,19
-34,-39,19
-36,-39,13
-47,-42,5
-45,-48,3
-49,-48,0
-61,-53,-16
-63,-56,-21
-88,-57,-26
-73,-48,-33
-62,-35,-30
-49,-19,-20
-43,-11,-19
-31,3,-20
-31,-4,-28
-34,-12,-28
-30,-24,12
-27,-32,28
-36,-43,27
-75,-43,-3
-85,-45,-15
-64,-39,-6
-60,-34,0
-51,-30,-1
-56,-28,-9
-56,-29,-1
-29,-34,17
-33,-42,15
-41,-51,27
-50,-49,26
-46,-50,25
-41,-48,28
-40,-46,31
-39,-46,35
-36,-42,30
-36,-41,26
-42,-41,22
-42,-43,21
-45,-46,20
-47,-48,21
-43,-47,19
-43,-45,16
-45,-45,16
-47,-47,13
-45,-49,16
-41,-46,19
-46,-43,18
-42,-42,18
-42,-42,24
-47,-42,16
-51,-43,13
-47,-46,14
-51,-46,10
-56,-45,4
-61,-49,2
-64,-50,-5
-71,-47,-15
-65,-45,-4
-50,-32,0
-41,-17,6
-34,-13,7
-32,-12,12
-34,-14,11
-53,-27,-13
-56,-38,-36
-56,-37,-46
-51,-29,-52
-49,-24,-55
-45,-19,-46
-41,-16,-34
-43,-16,-31
-45,-14,-30
-41,-14,-27
-37,-15,-21
-37,-21,-19
-34,-28,-15
-61,-63,-8
-37,-67,2
13,-70,33
9,-74,42
1,-70,35
-16,-73,14
-33,-72,4
-51,-65,5
-36,-62,12
-30,-63,18
-23,-64,23
-22,-64,21
-28,-66,19
-29,-63,16
-30,-63,14
-29,-60,14
-26,-60,13
-25,-60,13
-23,-60,10
-23,-61,9
-21,-65,10
-21,-66,10
-19,-64,9
-17,-63,9
-17,-61,9
-17,-62,12
-21,-63,13
-22,-66,13
-26,-64,16
-27,-62,17
-30,-58,15
-27,-55,17
-34,-52,19
-28,-53,17
-27,-49,15
-30,-45,13
-32,-45,12
-34,-43,3
-52,-37,-11
-54,-35,-15
-52,-38,-25
-48,-40,-23
-46,-43,-19
-43,-43,-26
-45,-43,-30
-47,-41,-32
-46,-40,-29
-47,-38,-25
-46,-35,-21
-45,-35,-20
-41,-38,-15
-36,-40,-8
-23,-37,-2
-14,-50,4
-14,-63,18
-13,-77,32
-9,-77,23
-12,-69,15
-13,-64,22
-16,-70,22
-30,-71,12
-46,-68,8
-52,-64,11
-57,-66,25
-51,-64,36
-63,-71,45
-60,-75,42
-67,-73,50
-41,-65,49
-40,-62,48
-53,-50,21
-38,-42,24
-16,-38,33
-12,-24,26
-5,-23,28
-3,-16,27
-3,-12,27
1,-9,37
3,-8,38
7,-3,36
-1,-9,45
-4,-14,51
8,-11,55
2,-23,64
1,-24,68
6,-21,68
11,-19,65
6,-19,64
8,-20,66
9,-20,78
18,-16,65
0,-21,59
6,-14,64
1,-13,62
1,-11,59
1,-7,60
0,-7,59
-2,-3,60
0,-6,57
-3,-10,58
-4,-15,58
-6,-17,59
-4,-12,57
6,-19,58
-6,-16,50
-5,-21,41
-3,-24,42
-13,-31,39
-22,-30,40
-18,-35,48
-40,-29,68
-49,-22,72
-38,-15,71
-37,-15,64
-34,-17,58
-34,-15,46
-40,-13,45
-40,3,38
-112,17,71
-128,22,78
-128,6,85
-128,-14,70
-68,-18,35
-3,-20,11
17,-19,4
20,-20,-12
17,-17,-19
21,-13,-23
14,-15,-8
10,-19,-3
10,-22,22
5,-25,29
-20,-66,37
-93,-128,31
-82,-128,44
-73,-128,-8
-91,-128,-21
-112,-116,-36
-75,-93,-21
-66,-86,-8
-37,-84,8
-39,-90,7
-53,-91,-32
-64,-40,-61
-66,-31,-54
-74,-48,-38
-72,-49,-46
-80,-76,-46
-68,-117,-37
-77,-128,-46
-73,-128,-28
-61,-128,-1
-29,-128,3
-23,-128,7
-9,-112,14
16,-84,14
21,-61,15
15,-33,5
7,-18,5
-2,-17,9
-6,2,12
-3,12,9
12,21,11
0,9,22
-6,2,40
-26,1,87
-43,-6,92
-87,-37,88
-108,-18,88
-60,-13,88
-4,-13,77
-17,-14,69
-35,-12,60
-15,-17,60
-9,-16,54
-13,-14,46
-15,-8,47
-9,-7,47
-3,-2,44
-8,1,47
-8,0,50
-3,3,53
4,-3,55
0,2,53
3,-1,55
3,-6,61
1,-1,62
-4,-4,59
-3,-7,65
5,-5,68
-2,-7,60
-14,-5,55
1,3,56
-6,8,61
-2,0,61
-7,4,58
-8,3,57
-8,-5,62
0,-1,66
7,0,61
6,-3,61
1,0,62
2,-3,61
5,-2,62
6,0,62
5,0,60
8,0,60
6,-1,60
5,1,59
6,1,60
7,0,61
6,0,57
4,2,58
5,0,61
6,0,60
7,0,60
1,2,58
5,5,61
7,3,61
8,1,58
12,4,63
4,-4,66
4,3,65
-19,6,63
-37,-12,41
20,4,66
-6,-5,62
-8,1,55
-6,0,55
-5,-1,55
-9,0,58
-3,0,57
-7,-1,59
-12,7,62
-4,0,61
-7,3,58
-2,0,61
-3,-3,61
0,-2,62
-2,0,62
-5,1,60
-2,0,62
-4,2,61
-2,0,61
-8,1,59
-5,0,61
-4,2,59
-3,1,58
-7,1,60
-5,0,61
-2,1,59
-4,2,58
-5,1,61
-4,1,60
-4,2,59
-5,1,60
-4,0,62
-6,3,60
-5,2,59
-6,1,60
-5,0,61
-5,1,60
-5,2,58
-6,0,60
-8,2,60
-4,1,60
-7,1,60
-8,1,60
-8,2,60
-6,1,59
-8,1,61
-10,3,60
-9,2,59
-7,0,60
-7,0,61
-12,2,59
-11,3,60
-10,3,60
-12,3,59
-13,4,60
-10,5,59
-10,6,58
-8,6,59
-9,5,59
-10,4,59
-12,5,58
-12,5,59
-14,5,59
-14,5,59
-14,6,59
-18,5,59
-16,3,61
-10,13,64
-11,5,63
-19,8,61
-19,12,62
-13,10,55
-36,10,30
-52,17,18
-52,16,11
-56,17,1
-80,10,-8
-52,15,0
-50,16,-10
-56,18,-20
-66,13,-29
-57,20,-24
-58,17,-26
-52,15,-29
-58,20,-31
-54,21,-35
-45,23,-42
-57,17,-48
-48,18,-43
-57,28,-43
-44,20,-36
-45,27,-32
-44,23,-33
-39,33,-24
-46,27,-29
-38,28,-40
-29,29,-42
-32,30,-47
-27,29,-54
-35,30,-54
-42,28,-57
-47,30,-57
-54,36,-57
-33,32,-40
-41,30,-31
-56,29,-28
-62,40,-15
-55,27,-8
-45,30,2
-54,14,6
-47,37,10
-52,30,16
-45,24,15
-43,35,17
-34,36,20
-29,33,16
-24,33,19
-23,36,7
-54,41,-12
-55,40,-17
-45,50,-20
-46,40,-16
-49,44,-20
-46,48,-18
-53,43,-11
-40,35,-13
-86,90,-6
-39,24,2
-60,48,-4
-45,44,-1
-37,26,0
-37,20,20
-57,39,0
-82,18,-8
-66,16,0
-46,17,-6
-32,42,18
-56,18,4
-48,20,-2
-54,22,-7
-2,-72,-14
-65,33,-34
-102,73,-17
-46,54,14
-40,20,-12
-67,3,-1
-100,39,-11
-99,-5,-9
-33,10,-8
-47,55,-1
-31,-5,-4
-71,-76,-41
-67,-65,-35
-54,-21,-14
-58,-17,-30
-65,-21,-47
-67,-30,-28
-67,-27,-32
-58,-7,-13
-51,-3,-19
-68,-17,-14
-66,-14,-13
-74,-18,-25
-61,-7,4
-34,1,12
-50,-9,14
-55,13,26
-61,18,36
-35,3,53
-13,-3,60
-5,5,61
5,12,60
3,15,60
-16,5,55
-22,7,54
-23,-1,49
-26,23,55
-22,29,58
-23,5,45
-44,19,52
-20,11,52
14,19,69
-7,29,64
-25,3,40
-1,-37,64
18,22,65
-2,17,66
23,-8,66
7,3,46
-20,5,60
-21,0,53
-14,-14,52
4,60,49
1,-16,47
2,-13,57
9,22,66
0,5,58
3,10,56
16,-7,67
5,1,63
5,-4,66
-9,12,42
11,56,70
16,-28,61
1,-7,49
-10,-13,40
27,12,64
4,5,56
6,6,63
10,12,60
21,10,65
23,16,62
14,14,57
18,12,60
11,18,57
7,12,55
9,10,58
6,10,60
2,7,64
13,17,64
8,13,59
6,20,60
9,17,60
1,18,58
1,12,58
-1,13,61
3,18,59
4,19,57
1,15,55
1,17,58
-1,17,62
-2,17,55
-2,16,58
0,16,59
1,16,58
0,18,55
0,15,57
1,15,60
-1,16,59
-1,14,58
-1,17,59
1,17,60
0,16,58
-2,17,54
0,17,56
