1647537431.000000, 1647537431.000000, 1647537431.000000
32.000000, 32.000000, 32.000000
-26,-50,25
-29,-60,23
-25,-56,29
-4,-51,34
-2,-54,34
-15,-56,33
-5,-55,34
9,-53,34
8,-53,32
-4,-51,32
-11,-52,31
-11,-52,31
-11,-51,31
-8,-51,31
-3,-51,34
-3,-52,34
-9,-54,35
-11,-53,36
-7,-55,36
-4,-54,35
-2,-53,34
-3,-54,35
-3,-50,36
-5,-49,35
-12,-50,36
-9,-49,38
-3,-55,39
-5,-57,40
-14,-61,41
-4,-66,40
2,-65,40
-12,-56,31
-20,-48,28
6,-37,27
17,-35,30
11,-8,43
9,10,62
2,18,65
-11,27,52
-5,31,52
19,35,68
-7,15,57
-5,22,54
30,9,64
26,-2,63
32,14,68
37,10,68
18,10,56
15,9,51
21,5,44
30,3,13
29,9,8
47,-8,-13
87,-1,-10
65,8,-33
96,4,-38
105,10,-23
59,4,-40
56,3,-40
56,7,-31
47,4,-38
45,4,-43
46,9,-43
44,9,-43
41,11,-49
46,11,-43
48,10,-35
45,10,-41
44,6,-45
50,4,-43
56,8,-33
46,6,-39
64,10,-31
52,5,-29
36,17,-35
48,8,-29
55,7,-19
59,7,-23
49,5,-27
49,10,-17
62,-1,-22
61,2,-23
63,4,-24
65,3,-22
60,5,-23
54,6,-21
54,7,-5
61,5,-4
41,5,-6
66,-5,2
60,-6,-3
79,6,1
79,5,0
58,-10,-2
52,4,2
61,5,-3
73,0,-3
58,13,0
57,6,3
60,-4,4
61,-1,8
73,7,11
70,-7,5
61,5,10
63,2,13
66,3,12
60,4,7
64,1,12
62,-2,12
59,-4,12
55,-4,10
57,-5,13
53,4,17
58,-5,18
63,-5,14
69,14,17
60,-8,10
61,-2,12
66,12,12
58,-4,13
63,8,16
59,-1,14
62,5,17
56,-2,13
56,-4,16
57,-13,15
60,1,14
55,-6,10
59,-4,12
65,2,14
66,3,11
62,-1,7
62,0,8
65,0,13
62,0,17
55,2,14
64,3,26
56,3,21
64,6,29
49,11,31
56,4,33
50,8,31
48,13,34
51,10,36
48,12,36
43,7,36
42,7,43
45,9,43
37,10,44
37,10,46
52,17,43
40,1,42
36,3,41
38,5,43
36,2,44
53,5,41
48,3,38
65,-16,34
60,6,36
41,2,43
48,-4,52
56,-6,49
52,-12,36
35,-8,41
38,-9,48
46,-16,40
46,-8,42
45,-11,43
45,-10,42
48,-18,28
56,-8,46
55,-16,43
56,-2,40
48,-17,38
58,-10,45
44,-13,37
40,-15,34
37,-11,35
43,-14,35
48,-16,31
62,-15,29
49,-14,24
64,-9,29
60,-12,30
35,-11,29
71,-4,28
66,-15,14
50,-2,24
60,-16,19
68,-10,27
51,-9,26
47,-15,30
67,-21,22
52,-12,23
42,-22,21
45,-18,29
47,18,43
70,18,55
66,-7,34
49,-15,34
25,-9,44
33,-16,52
40,-15,52
22,-14,53
27,-15,54
19,-12,53
30,-12,55
12,-13,56
12,-14,54
24,-19,57
25,-21,58
31,-28,53
-25,0,56
10,-13,67
3,-10,65
5,-9,63
5,-9,66
-1,-8,62
2,-13,58
-7,-11,57
1,-14,55
4,-16,51
-14,-12,37
-15,-10,34
13,-18,37
51,-33,43
34,-24,44
38,-32,56
44,-49,68
31,-36,66
39,-27,58
45,-26,49
14,-13,51
21,-23,39
53,-24,12
72,-26,6
42,-17,-27
87,-21,-51
76,-19,-38
59,-12,-10
63,-22,-1
50,-22,-3
65,-32,11
71,-23,11
39,-17,-32
43,-17,-38
50,-13,-38
60,-24,-35
43,-7,-48
36,-15,-41
38,-17,-33
62,-28,-14
59,-38,-25
39,-38,-54
52,-34,-55
53,-32,-51
32,-31,-39
30,-29,-34
37,-27,-32
38,-28,-34
39,-29,-36
42,-29,-36
43,-29,-36
42,-28,-37
42,-28,-37
43,-30,-37
42,-30,-36
41,-30,-34
42,-29,-35
42,-29,-35
42,-29,-35
42,-29,-35
41,-29,-35
40,-29,-36
43,-30,-35
42,-30,-36
41,-30,-35
41,-30,-35
42,-31,-35
41,-31,-35
42,-32,-35
42,-32,-35
38,-32,-35
36,-33,-35
36,-29,-35
40,-28,-37
42,-25,-44
42,-21,-43
39,-24,-42
40,-25,-42
40,-25,-44
36,-27,-51
32,-25,-40
41,-23,-38
35,-27,-48
34,-28,-42
33,-25,-42
34,-21,-49
34,-26,-46
37,-19,-48
37,-19,-49
28,-22,-46
33,-21,-49
33,-22,-46
33,-22,-55
39,-22,-49
27,-23,-41
32,-21,-48
35,-23,-52
33,-24,-45
40,-29,-46
38,-26,-46
33,-26,-43
24,-22,-39
30,-26,-38
35,-31,-39
39,-30,-45
41,-33,-46
36,-33,-43
36,-33,-41
33,-33,-40
36,-32,-39
35,-31,-39
36,-31,-40
37,-31,-40
36,-31,-40
37,-32,-40
40,-32,-40
35,-32,-40
36,-33,-39
36,-31,-38
35,-32,-38
37,-30,-39
38,-31,-40
37,-31,-40
38,-31,-39
37,-30,-40
37,-31,-39
37,-32,-39
37,-31,-39
39,-32,-38
36,-30,-39
40,-32,-38
38,-31,-39
38,-31,-38
36,-30,-39
38,-31,-38
38,-30,-38
38,-31,-39
38,-31,-39
38,-30,-39
38,-31,-38
37,-30,-38
40,-31,-36
37,-30,-39
39,-30,-38
39,-30,-38
38,-30,-39
39,-31,-38
39,-30,-38
39,-31,-38
39,-31,-38
38,-31,-38
38,-31,-38
39,-31,-38
39,-31,-38
38,-31,-38
38,-31,-38
39,-31,-38
38,-31,-38
38,-31,-38
38,-31,-38
38,-31,-38
38,-31,-38
38,-31,-38
38,-31,-38
38,-31,-38
39,-31,-38
39,-31,-38
39,-31,-38
38,-31,-38
39,-31,-38
38,-31,-37
39,-31,-37
39,-31,-38
39,-31,-37
39,-31,-38
38,-31,-38
39,-31,-38
38,-31,-37
38,-31,-38
39,-31,-37
39,-31,-38
39,-31,-38
39,-31,-37
39,-31,-37
38,-31,-37
39,-31,-38
38,-31,-38
39,-31,-37
39,-31,-37
38,-32,-38
39,-31,-38
38,-31,-37
38,-31,-37
39,-31,-38
39,-31,-37
38,-31,-38
38,-31,-38
38,-32,-37
38,-31,-38
38,-31,-38
39,-31,-38
39,-31,-38
38,-31,-38
38,-31,-38
38,-31,-38
38,-31,-38
39,-31,-38
38,-31,-38
38,-31,-38
38,-31,-38
38,-31,-38
39,-31,-38
38,-31,-38
38,-31,-38
38,-31,-38
38,-31,-38
39,-31,-38
39,-31,-38
38,-32,-38
38,-32,-38
38,-31,-38
38,-31,-38
38,-31,-38
38,-31,-38
38,-31,-38
38,-31,-38
38,-31,-38
38,-31,-38
38,-31,-38
38,-31,-37
38,-32,-38
39,-31,-38
38,-32,-38
38,-31,-38
38,-31,-38
38,-32,-38
38,-31,-37
38,-31,-38
38,-31,-38
39,-31,-38
38,-31,-37
39,-31,-38
39,-31,-38
39,-31,-38
38,-31,-38
39,-31,-37
39,-31,-37
39,-31,-38
39,-31,-37
39,-31,-38
39,-31,-38
39,-31,-37
38,-31,-37
39,-31,-37
39,-32,-37
39,-31,-37
39,-31,-37
39,-31,-37
39,-31,-37
39,-31,-37
39,-31,-37
39,-31,-37
39,-31,-37
39,-31,-37
38,-31,-37
39,-31,-37
39,-31,-37
39,-31,-37
39,-31,-37
39,-32,-37
39,-31,-38
39,-31,-37
38,-31,-37
39,-31,-37
39,-31,-37
39,-32,-37
39,-32,-37
39,-31,-37
39,-31,-37
39,-31,-37
39,-31,-37
39,-31,-37
39,-31,-37
39,-31,-37
40,-31,-37
39,-31,-37
39,-31,-37
39,-31,-37
38,-31,-37
38,-31,-37
40,-31,-37
39,-30,-37
40,-30,-38
39,-30,-37
40,-30,-37
38,-30,-38
37,-30,-37
38,-30,-38
37,-30,-39
36,-29,-41
36,-28,-42
35,-29,-44
33,-28,-46
29,-27,-45
30,-27,-48
27,-26,-49
28,-26,-50
28,-25,-51
28,-25,-51
27,-26,-51
27,-26,-51
27,-26,-51
26,-26,-51
28,-25,-50
26,-26,-50
26,-26,-50
28,-26,-51
26,-26,-50
27,-25,-50
25,-27,-49
27,-27,-48
27,-28,-49
29,-29,-49
31,-28,-48
29,-28,-48
28,-28,-47
29,-28,-47
30,-28,-47
32,-27,-48
31,-27,-48
31,-29,-45
37,-28,-45
36,-28,-46
31,-30,-43
34,-29,-41
35,-29,-42
35,-29,-43
35,-29,-42
37,-29,-42
35,-29,-42
35,-29,-41
36,-30,-41
37,-30,-41
36,-29,-41
35,-29,-41
35,-29,-41
35,-29,-41
36,-30,-41
36,-30,-41
34,-31,-41
35,-32,-41
36,-32,-41
38,-32,-41
38,-32,-41
37,-31,-42
35,-30,-41
35,-31,-42
35,-31,-43
35,-31,-43
35,-31,-42
36,-31,-41
36,-31,-41
36,-31,-41
35,-30,-40
34,-30,-39
35,-30,-40
36,-31,-40
37,-31,-40
36,-31,-40
37,-30,-39
36,-30,-39
38,-30,-40
38,-30,-40
37,-30,-40
37,-30,-40
38,-30,-40
37,-30,-40
38,-30,-40
38,-30,-40
37,-29,-40
37,-29,-40
37,-29,-40
37,-29,-40
37,-30,-40
38,-30,-40
38,-30,-39
38,-30,-38
38,-30,-38
38,-31,-39
38,-31,-39
38,-30,-39
37,-30,-39
38,-30,-39
37,-30,-40
38,-30,-40
38,-30,-39
38,-30,-40
38,-30,-40
38,-30,-39
38,-30,-39
38,-30,-39
38,-30,-39
38,-31,-39
37,-31,-39
38,-31,-39
38,-31,-39
38,-30,-39
38,-30,-39
38,-30,-39
38,-30,-40
37,-30,-39
37,-30,-39
38,-30,-39
37,-30,-39
38,-30,-39
38,-30,-39
38,-30,-40
38,-30,-40
37,-30,-39
37,-30,-39
37,-30,-40
38,-30,-40
37,-30,-39
37,-30,-39
38,-30,-39
37,-30,-40
37,-30,-39
37,-31,-39
37,-31,-39
37,-32,-39
37,-31,-39
37,-31,-39
37,-31,-39
37,-31,-39
37,-31,-39
37,-31,-39
38,-30,-40
38,-30,-41
37,-30,-40
37,-30,-40
36,-30,-40
37,-31,-40
37,-31,-40
37,-31,-40
37,-31,-40
36,-31,-39
36,-32,-39
36,-32,-39
36,-32,-39
36,-32,-39
36,-32,-40
36,-31,-39
36,-31,-40
37,-31,-40
36,-31,-40
37,-31,-40
36,-31,-40
36,-31,-40
36,-31,-40
36,-31,-40
36,-31,-40
36,-30,-40
37,-31,-40
36,-31,-40
36,-31,-40
36,-31,-40
36,-31,-40
36,-31,-40
36,-31,-40
36,-31,-40
37,-31,-40
36,-31,-40
37,-31,-40
36,-31,-40
37,-31,-40
37,-31,-40
36,-32,-39
37,-31,-40
36,-31,-40
36,-31,-39
36,-31,-40
36,-31,-40
37,-31,-40
37,-31,-39
37,-31,-40
37,-31,-40
37,-30,-40
37,-31,-40
37,-31,-40
37,-31,-40
37,-31,-40
37,-31,-40
37,-31,-40
36,-31,-39
36,-31,-39
37,-31,-39
37,-31,-40
38,-31,-40
37,-31,-40
37,-31,-39
37,-31,-40
37,-31,-40
38,-31,-40
37,-31,-39
37,-31,-39
37,-31,-39
37,-31,-39
37,-31,-39
38,-31,-41
39,-30,-41
40,-29,-43
42,-29,-45
54,-29,-45
106,-59,-23
41,-43,-34
48,-32,-14
47,-21,-19
48,-20,-34
55,-19,-29
70,-23,-23
59,-28,-13
55,-28,-5
66,-31,13
62,-32,18
34,-32,19
35,-32,24
25,-30,31
24,-34,35
25,-31,35
28,-23,38
31,-21,40
37,-20,41
37,-23,40
35,-22,40
34,-17,41
33,-16,40
37,-19,39
40,-22,39
43,-28,38
39,-31,38
42,-30,40
44,-30,40
43,-28,40
46,-25,40
43,-25,43
37,-23,44
41,-18,46
44,-18,48
39,-21,44
36,-17,42
39,-20,40
39,-19,41
33,-20,39
43,-19,48
50,-18,43
55,-18,33
43,-15,36
53,-15,35
52,-14,28
53,-11,28
58,-10,27
60,-10,23
72,-10,23
48,-11,20
52,-12,19
46,-10,15
52,-10,8
64,-16,5
69,-15,12
70,-16,2
63,-15,-6
61,-14,-14
58,-13,-11
57,-13,-14
63,-13,-14
55,-13,-17
53,-11,-19
58,-14,-23
58,-14,-27
55,-12,-22
58,-14,-20
69,-17,-21
65,-16,-25
55,-16,-26
59,-18,-5
56,-14,1
54,-15,-2
76,-22,16
51,-21,11
58,-14,18
64,-9,19
47,-19,29
30,-23,45
14,-24,16
68,-22,38
63,-20,45
41,-24,31
52,-23,33
49,-23,32
53,-25,29
54,-24,28
47,-21,27
46,-21,27
49,-22,26
49,-22,26
43,-22,28
47,-25,22
53,-25,24
52,-29,30
57,-30,29
53,-31,22
52,-30,23
54,-30,27
48,-29,26
48,-29,25
50,-29,25
48,-29,25
47,-29,23
52,-29,22
50,-29,21
55,-31,24
55,-31,23
52,-30,23
50,-30,21
50,-30,20
50,-30,21
51,-30,21
52,-31,21
51,-31,22
50,-30,20
48,-31,20
50,-31,21
50,-31,20
49,-31,20
50,-31,20
51,-31,21
49,-31,20
50,-31,20
51,-31,20
50,-30,20
50,-30,20
51,-30,20
50,-30,19
50,-30,19
51,-31,20
51,-31,20
49,-30,19
50,-31,19
52,-31,20
50,-31,20
49,-31,20
49,-31,21
50,-31,21
51,-31,20
49,-31,20
50,-32,20
49,-31,20
51,-31,20
51,-31,21
49,-30,20
50,-31,21
50,-31,21
50,-31,20
50,-31,20
51,-31,20
50,-31,20
50,-30,20
50,-31,20
50,-31,20
50,-31,20
50,-31,20
49,-31,20
50,-31,20
50,-31,20
50,-31,20
51,-31,21
50,-31,20
50,-31,21
51,-30,21
49,-32,20
50,-31,21
50,-31,20
50,-31,21
49,-31,21
51,-31,21
49,-31,21
49,-31,20
50,-30,21
50,-31,21
51,-31,21
50,-30,21
50,-30,21
50,-31,21
50,-31,21
50,-31,21
49,-30,21
50,-31,21
50,-30,21
50,-31,21
48,-32,22
50,-33,25
69,-44,36
75,-50,39
63,-63,36
74,-49,57
89,-40,45
120,-19,19
109,7,12
75,7,-25
32,19,-28
31,22,-30
17,14,-15
15,16,-11
2,24,1
2,24,4
17,35,11
10,32,2
16,42,4
33,50,8
34,47,5
11,61,-5
26,65,1
11,63,-3
4,65,-1
1,64,-2
19,61,7
17,59,9
19,59,9
19,59,3
16,65,-1
16,61,2
17,62,2
19,63,-3
18,64,1
10,63,3
9,65,-2
10,65,-2
7,66,-6
10,66,-2
13,65,-3
15,62,0
12,61,1
12,61,-3
13,63,-2
9,64,-4
10,63,-4
13,60,-2
16,60,-2
14,61,-3
12,64,-2
11,64,-2
7,66,-7
8,64,-2
8,63,-2
12,63,-4
10,62,-4
11,64,-4
12,64,-6
9,64,-9
9,63,-6
9,65,-9
15,67,-5
14,66,-5
12,61,-5
12,62,-6
12,63,-7
11,66,-9
13,65,-8
7,64,-6
11,64,-3
15,61,-3
13,59,0
11,60,-3
15,65,-6
13,65,-4
13,63,0
14,62,-1
16,60,1
19,58,-2
20,58,-3
10,61,-5
15,61,-2
12,65,-2
14,64,-6
19,64,-4
17,63,-4
19,62,-4
20,59,-4
18,61,-4
19,61,-7
21,63,-8
21,63,-6
19,61,-3
20,61,-2
17,62,-3
20,59,-4
18,59,-4
20,55,-2
19,52,1
14,47,8
12,43,9
5,37,-6
11,36,-6
13,34,-3
17,24,-19
24,21,-17
46,9,-5
49,2,-8
40,5,-8
68,-32,-7
70,-30,10
57,-33,14
77,-67,35
31,-53,31
26,-62,46
39,-65,58
11,-67,50
14,-73,47
17,-71,44
10,-73,36
9,-69,34
6,-63,26
9,-58,30
18,-58,32
7,-58,24
15,-56,27
5,-66,24
1,-67,16
25,-58,6
15,-58,16
14,-56,38
8,-53,47
10,-78,20
1,-67,8
34,-63,8
19,-53,4
15,-56,-1
0,-62,10
8,-64,16
6,-64,12
19,-61,2
10,-61,0
6,-62,1
5,-63,2
-1,-61,-1
13,-51,-7
47,-53,15
23,-65,12
14,-69,16
7,-67,13
5,-63,6
3,-64,3
3,-66,-5
8,-60,1
14,-64,5
13,-62,7
12,-63,5
12,-62,4
13,-62,3
10,-62,6
10,-63,6
10,-63,4
10,-62,4
11,-63,4
10,-63,5
8,-62,5
9,-63,4
11,-64,4
8,-62,4
9,-63,4
9,-64,6
8,-63,4
9,-64,5
8,-62,3
6,-62,4
7,-63,4
8,-63,4
9,-63,4
9,-63,4
8,-63,4
8,-63,4
8,-63,3
9,-63,4
8,-63,4
8,-63,3
9,-63,5
8,-63,5
9,-63,5
8,-62,3
8,-63,4
8,-63,5
9,-63,4
8,-62,4
8,-63,4
10,-64,5
8,-63,5
7,-62,3
8,-64,3
8,-62,4
8,-63,4
7,-62,3
7,-63,4
9,-63,5
8,-62,4
9,-63,5
7,-63,3
6,-62,3
7,-63,3
7,-63,4
10,-63,5
8,-63,4
7,-63,3
8,-63,4
9,-63,5
8,-63,4
8,-63,3
7,-63,3
6,-63,3
7,-63,4
6,-63,4
6,-63,3
7,-63,4
8,-63,4
6,-63,4
6,-63,3
6,-63,3
6,-63,4
5,-63,4
6,-63,4
5,-63,4
4,-63,3
5,-63,4
5,-63,4
6,-63,3
6,-64,4
5,-63,3
4,-63,2
3,-63,3
7,-63,4
7,-63,4
6,-64,3
6,-64,4
8,-64,5
5,-63,3
5,-63,3
4,-63,2
5,-63,3
6,-63,4
7,-63,4
7,-63,4
5,-63,3
6,-63,3
6,-64,3
6,-63,4
6,-64,4
5,-63,3
6,-63,4
7,-64,3
6,-63,3
6,-63,4
5,-63,3
6,-63,3
7,-63,4
6,-63,4
6,-63,4
6,-63,4
6,-63,3
6,-63,4
6,-63,4
7,-63,4
6,-63,4
6,-63,4
7,-63,4
8,-64,4
6,-63,4
5,-63,4
7,-63,4
6,-63,4
7,-63,5
6,-63,4
5,-63,4
5,-63,3
7,-64,5
7,-63,4
8,-63,5
6,-63,5
6,-63,4
7,-64,4
6,-63,4
6,-63,4
6,-63,4
5,-63,4
6,-63,4
7,-63,4
7,-64,4
5,-63,4
6,-63,4
8,-64,5
6,-63,4
6,-63,4
5,-63,3
5,-63,3
6,-64,4
7,-64,4
7,-64,3
9,-63,4
7,-63,3
11,-64,8
10,-63,5
1,-61,-2
4,-63,-1
6,-63,2
11,-62,7
11,-63,6
10,-63,5
10,-64,5
7,-62,5
9,-63,4
11,-64,6
11,-67,1
14,-72,-2
52,-107,-12
7,-71,10
12,-65,3
75,-87,-13
52,-68,6
43,-45,11
44,-33,12
38,-29,14
25,-21,23
33,-26,23
29,-31,23
30,-33,25
33,-39,28
35,-39,30
35,-35,32
37,-31,33
37,-30,32
38,-29,32
38,-29,32
40,-31,35
34,-30,31
32,-26,25
43,-24,27
44,-23,27
46,-22,29
53,-21,27
53,-20,28
54,-20,27
55,-18,27
57,-23,29
61,-27,33
60,-29,32
58,-29,30
55,-28,32
49,-25,33
50,-25,32
50,-26,34
46,-26,33
42,-21,31
48,-17,35
55,-21,39
42,-12,41
42,-15,39
42,-13,41
37,-16,38
28,-14,40
27,-13,40
20,-11,50
16,-13,58
51,-13,54
49,-9,55
38,-2,49
42,-5,47
47,-2,43
42,0,42
47,1,42
60,-5,40
54,-3,38
53,1,27
60,0,23
39,1,23
60,-1,21
62,-5,13
63,-7,16
59,-5,16
62,-6,7
60,-5,6
53,-1,-1
60,-1,-10
69,-4,-4
62,1,-5
74,-2,-12
67,2,-5
57,2,-10
57,2,-11
60,4,-11
61,1,-15
65,0,-17
60,2,-13
65,3,-13
61,0,-10
69,-1,-5
88,0,2
66,7,-2
61,1,14
71,-2,22
46,-3,13
46,0,27
61,-4,27
54,-1,33
32,-5,44
27,-4,45
60,-4,49
59,-8,47
45,-5,37
44,-3,38
37,-5,40
37,-4,42
47,-4,48
42,-2,41
37,-2,42
47,-2,49
45,-1,49
35,1,44
42,-2,47
46,1,49
38,1,47
42,2,47
42,6,49
39,5,46
41,5,46
43,5,47
39,3,47
42,5,47
43,5,48
42,4,46
41,4,45
43,2,46
46,3,47
43,3,44
40,2,41
45,0,40
43,2,40
42,-1,44
47,-1,44
47,0,41
48,1,39
46,2,43
53,1,40
52,3,40
48,2,39
46,0,40
48,1,41
46,2,40
47,2,41
50,4,39
49,3,39
48,2,39
47,2,38
45,2,39
51,2,42
51,2,41
46,3,39
47,3,40
51,4,40
49,4,40
46,4,38
48,4,39
47,5,39
48,4,39
49,2,39
47,3,38
47,3,39
48,2,39
48,2,39
51,3,37
48,2,38
50,3,39
49,3,40
49,2,39
49,2,38
48,2,36
48,-1,40
47,5,40
51,3,39
52,3,39
54,-1,43
49,1,41
46,0,36
41,-1,36
48,0,39
47,-2,40
50,-1,40
47,0,39
46,2,39
49,2,41
50,1,40
50,2,38
51,2,38
52,2,38
46,2,38
47,3,37
49,3,39
49,2,39
50,1,38
51,1,39
51,2,40
48,2,39
46,2,37
48,2,38
47,1,39
47,1,38
49,1,40
50,1,40
49,2,39
48,1,39
47,2,39
47,2,38
50,2,39
49,2,40
46,2,39
49,2,39
48,1,39
47,0,39
50,1,40
48,1,39
47,1,39
49,1,40
48,2,40
50,1,40
51,1,41
46,2,39
48,1,38
49,2,39
47,2,39
47,2,39
51,2,40
48,1,39
47,2,39
51,2,40
48,2,39
48,2,39
49,2,40
48,2,39
48,2,39
50,1,40
47,1,38
48,1,39
50,1,39
49,2,39
50,1,40
50,1,40
47,1,38
49,1,39
48,1,39
48,0,38
48,0,38
50,1,38
49,2,39
49,2,38
48,2,38
51,2,39
48,1,38
47,1,37
51,1,39
48,2,37
48,1,38
49,1,40
50,2,36
51,1,38
49,1,39
48,2,38
50,2,39
50,2,40
48,1,38
50,1,35
48,1,36
50,1,39
47,1,38
47,0,38
49,0,40
48,0,39
50,0,39
52,-1,40
49,-1,38
48,-1,39
46,-1,36
46,-2,37
48,-3,40
49,-2,41
49,-3,42
49,-2,42
48,-2,41
46,0,40
46,-1,40
49,-3,41
46,-2,40
47,-1,41
47,-1,40
47,0,39
47,1,38
50,0,39
50,1,38
47,-1,38
47,-2,39
49,-4,39
49,-4,40
48,-3,39
49,-1,40
48,-1,39
47,0,38
48,-1,39
50,-2,39
50,-2,39
50,-2,39
48,-2,39
48,-2,39
48,-3,38
47,-3,38
49,-2,39
49,-2,38
49,-2,38
49,-3,39
49,-3,39
48,-3,39
48,-3,39
49,-3,39
48,-3,39
48,-3,38
48,-3,39
48,-3,39
49,-3,39
48,-4,39
48,-3,39
48,-3,39
47,-3,39
48,-3,40
48,-3,40
48,-3,40
48,-3,39
48,-3,39
48,-3,39
49,-3,39
48,-3,40
48,-3,39
48,-3,39
48,-3,39
48,-3,39
48,-3,39
49,-3,39
48,-3,39
48,-3,39
48,-3,39
48,-3,39
48,-3,39
49,-3,39
49,-3,39
49,-3,39
48,-3,39
48,-3,38
48,-3,39
49,-3,39
48,-4,38
48,-3,39
49,-3,39
48,-3,38
48,-3,38
49,-3,39
50,-3,39
48,-3,38
47,-3,38
49,-3,38
50,-3,39
49,-3,39
49,-2,39
51,-3,39
49,-2,38
46,-3,38
46,-3,39
48,-3,38
48,-2,38
48,-3,38
49,-2,40
46,-3,39
48,-4,39
51,-2,39
55,0,45
48,-4,44
48,1,46
43,3,36
43,3,31
62,6,36
41,18,31
35,7,31
34,10,21
51,10,21
69,9,26
63,11,25
61,8,25
63,6,28
60,6,28
54,4,21
55,1,22
53,0,24
52,-1,24
55,-2,21
54,1,22
55,3,25
59,6,28
62,6,28
66,4,25
65,2,24
62,2,23
57,1,19
56,1,19
56,0,19
55,0,20
57,-2,21
58,-2,24
58,-1,24
56,0,24
56,0,23
58,1,23
58,1,22
58,1,21
58,2,21
58,2,21
60,1,21
60,1,21
59,0,21
59,0,21
59,0,21
58,-1,22
58,-1,22
58,-1,22
58,-1,22
58,-1,22
58,-2,21
59,-1,21
59,-1,21
58,-1,21
58,-1,21
59,-1,21
59,-1,21
59,-1,21
58,-1,21
58,-1,21
58,-1,21
58,-1,21
58,-1,21
58,-1,21
59,-1,21
59,-1,21
59,-1,21
59,-1,21
59,-1,21
58,-1,21
58,-1,21
59,-2,21
58,-2,22
58,-3,22
58,-4,21
57,-4,21
57,-4,21
58,-4,21
59,-4,22
58,-5,21
58,-4,22
59,-5,22
58,-4,21
57,-4,22
58,-3,22
58,-3,22
59,-3,22
59,-4,22
59,-3,21
59,-4,22
57,-3,21
57,-4,22
57,-4,23
57,-4,24
57,-5,24
57,-5,25
56,-5,25
56,-5,25
56,-4,24
57,-3,24
57,-3,23
57,-3,22
59,-2,22
59,-3,23
59,-3,23
58,-3,24
57,-3,24
56,-3,24
56,-3,23
58,-4,24
58,-4,23
58,-4,23
56,-5,23
56,-5,23
56,-5,23
57,-6,23
58,-6,23
57,-6,23
58,-6,23
57,-6,23
56,-6,23
57,-6,23
57,-6,22
57,-6,23
58,-7,23
58,-7,23
58,-6,24
58,-6,24
58,-6,24
59,-7,23
58,-7,24
56,-5,24
55,-5,24
55,-6,23
57,-5,22
58,-5,22
61,-4,23
61,-4,23
60,-3,22
60,-2,23
59,-3,23
57,0,22
58,0,23
55,1,26
58,1,25
57,-1,27
51,-1,30
52,-1,30
54,-2,30
53,-4,30
54,-6,34
46,-6,32
54,-7,49
37,-4,43
37,-4,40
46,-4,42
48,-3,44
48,-1,42
45,0,38
44,0,37
45,-1,40
44,-5,44
46,-4,43
45,-2,41
47,-3,43
47,-4,42
47,-3,42
45,-4,44
50,-4,46
45,-2,41
44,-2,38
45,-4,43
46,-4,45
45,-3,44
46,-4,44
44,-2,44
44,-4,42
47,-4,43
46,-4,44
46,1,47
44,-3,45
43,-2,42
45,-3,43
42,-1,44
44,-2,43
46,-3,44
42,-2,44
42,-2,44
46,-2,46
42,-1,43
43,1,49
45,0,47
43,-1,46
40,-2,46
40,-3,45
44,-2,47
40,-2,47
38,-1,45
45,-1,49
41,-2,45
40,5,50
40,-1,50
42,0,48
38,0,46
36,1,45
42,0,49
40,0,50
39,0,48
40,1,49
39,2,49
38,2,47
40,2,47
37,1,47
34,4,51
38,0,52
42,0,47
43,0,46
40,0,52
39,0,49
38,2,47
39,2,48
40,2,47
39,1,49
39,0,47
40,-2,38
31,-1,36
38,-4,39
59,-7,52
58,-7,64
53,-10,72
31,-6,66
0,16,61
23,21,43
26,21,36
24,20,33
30,20,35
44,15,41
43,14,44
44,11,49
42,11,51
36,11,51
32,11,55
31,10,55
26,9,55
28,8,58
28,8,57
28,7,58
29,6,60
30,4,59
30,4,57
28,4,60
31,3,59
32,3,60
27,-2,65
24,-4,57
22,-10,28
43,-28,31
52,-36,42
34,-21,51
34,-16,53
30,-5,46
33,-3,45
39,-4,46
40,-3,48
41,-5,49
43,-10,50
44,-13,50
42,-16,48
39,-18,46
40,-17,46
40,-15,46
39,-14,45
40,-14,44
41,-13,43
43,-13,42
43,-14,43
44,-15,43
44,-18,44
46,-20,44
46,-21,44
44,-21,43
43,-21,41
40,-21,41
38,-21,41
38,-23,43
40,-24,44
40,-24,45
39,-22,46
38,-21,46
38,-18,45
37,-18,44
39,-19,44
39,-18,44
42,-17,44
43,-18,44
42,-18,43
42,-17,43
42,-17,43
41,-16,43
42,-16,43
41,-16,43
42,-18,44
42,-17,44
41,-18,45
41,-18,45
40,-17,43
41,-17,44
41,-17,44
41,-18,43
42,-19,43
40,-18,43
40,-18,42
40,-17,43
42,-18,42
42,-18,43
41,-18,43
41,-19,44
41,-19,45
40,-19,45
40,-19,45
39,-18,46
39,-18,46
39,-18,45
40,-17,45
40,-17,45
40,-16,44
41,-16,44
41,-16,44
40,-16,43
41,-16,44
40,-16,44
40,-16,44
41,-16,44
41,-17,44
41,-18,44
40,-19,44
40,-19,44
39,-19,44
39,-19,45
39,-18,45
40,-18,45
40,-20,45
40,-20,45
40,-20,45
39,-19,45
39,-19,45
38,-18,44
37,-17,44
39,-17,44
41,-18,44
41,-19,44
40,-19,44
40,-19,44
40,-19,44
40,-18,44
41,-19,45
40,-20,44
40,-19,45
39,-19,44
39,-19,44
40,-19,44
40,-20,44
40,-20,44
40,-20,44
40,-20,44
40,-20,44
40,-22,43
40,-21,43
38,-20,45
38,-20,45
40,-20,43
40,-20,43
39,-21,44
38,-21,42
40,-20,42
41,-21,44
40,-21,44
39,-22,44
38,-23,43
38,-23,43
39,-22,43
39,-23,44
38,-23,44
38,-23,44
37,-22,44
39,-22,45
40,-22,44
40,-21,44
39,-21,43
39,-19,44
40,-19,43
40,-18,43
41,-17,43
41,-17,43
41,-17,42
42,-17,43
43,-19,45
42,-20,45
40,-20,45
38,-20,44
38,-20,44
38,-20,44
39,-20,44
40,-21,44
40,-24,46
37,-23,45
35,-21,44
36,-19,44
37,-17,42
41,-19,44
41,-20,44
40,-21,45
39,-21,45
40,-19,44
40,-19,45
38,-22,45
39,-20,43
39,-19,43
38,-18,43
39,-18,43
41,-20,43
44,-22,46
43,-24,47
38,-25,46
36,-24,45
36,-24,44
37,-23,44
37,-21,43
38,-21,45
37,-21,45
37,-20,45
38,-20,46
38,-20,44
38,-20,44
39,-19,44
39,-21,43
40,-20,43
40,-21,44
40,-20,44
39,-20,44
39,-20,44
38,-20,44
38,-20,44
38,-21,44
38,-20,45
39,-21,45
39,-21,45
39,-20,45
39,-20,44
40,-20,44
41,-19,45
40,-20,45
39,-20,45
39,-21,44
38,-20,44
38,-19,44
39,-18,44
40,-19,44
41,-19,45
39,-19,44
39,-19,44
41,-18,45
40,-19,45
39,-18,45
39,-17,46
39,-16,45
40,-16,45
39,-16,45
40,-15,45
39,-15,45
34,-15,44
35,-16,44
33,-15,44
36,-17,45
37,-20,44
28,-19,40
16,-20,35
12,-22,31
20,-29,28
26,-30,31
22,-38,27
27,-44,28
42,-58,37
19,-57,26
19,-60,24
17,-66,25
17,-70,22
16,-74,27
12,-75,25
9,-76,23
23,-76,27
28,-74,28
24,-66,23
23,-60,24
21,-56,20
16,-57,18
16,-57,18
14,-61,14
13,-61,14
7,-58,19
7,-59,18
9,-60,19
6,-60,20
6,-60,20
8,-61,22
8,-61,21
6,-60,23
7,-60,22
7,-60,22
9,-60,24
10,-60,24
10,-60,21
9,-60,21
11,-59,20
14,-56,20
13,-59,20
10,-59,21
7,-62,17
5,-63,8
3,-63,3
3,-62,3
-1,-60,6
-1,-60,4
3,-65,5
6,-69,5
-1,-63,9
5,-66,8
8,-65,8
6,-62,3
8,-64,1
5,-64,0
2,-63,2
3,-63,4
8,-63,9
9,-62,10
11,-62,10
11,-64,11
8,-64,10
10,-63,7
8,-59,5
7,-63,7
5,-65,9
8,-61,8
10,-64,6
8,-63,6
7,-62,8
8,-61,9
9,-63,8
8,-64,7
7,-64,6
6,-63,6
5,-64,7
1,-62,5
-1,-62,4
8,-65,7
6,-63,9
7,-62,8
8,-65,8
7,-64,8
2,-62,8
4,-62,7
4,-62,0
5,-60,1
7,-65,2
7,-65,6
7,-62,6
7,-64,7
8,-62,6
9,-63,4
7,-64,4
4,-63,3
4,-63,1
4,-64,3
6,-63,5
5,-63,8
8,-64,5
7,-64,4
5,-61,3
5,-62,4
6,-64,4
6,-64,5
7,-64,4
6,-63,5
5,-63,5
6,-63,5
6,-63,4
5,-64,5
4,-63,5
6,-64,6
7,-63,5
6,-63,6
6,-63,6
5,-63,5
6,-63,6
6,-63,6
6,-63,6
6,-63,6
5,-63,5
6,-63,5
6,-63,5
6,-63,6
6,-63,6
5,-63,5
5,-63,5
6,-63,5
6,-63,5
7,-64,6
4,-63,3
6,-63,5
7,-63,5
7,-63,7
6,-63,5
5,-63,2
6,-63,4
6,-63,6
8,-63,6
8,-63,6
6,-63,5
6,-63,4
5,-63,3
6,-63,4
5,-63,4
6,-63,5
7,-63,5
6,-63,4
6,-63,4
7,-63,5
6,-63,5
6,-63,6
6,-63,5
5,-63,4
6,-61,4
4,-64,5
6,-61,6
7,-64,6
7,-66,5
6,-64,5
6,-62,5
6,-63,6
7,-63,6
5,-63,5
6,-63,5
6,-63,5
6,-63,6
6,-63,5
6,-64,5
5,-63,5
6,-62,6
6,-63,6
7,-63,6
4,-61,5
7,-64,4
8,-65,4
6,-64,5
5,-63,6
7,-63,5
7,-63,6
3,-62,3
5,-63,3
6,-63,4
7,-63,7
8,-63,8
7,-63,5
5,-64,4
6,-64,4
5,-62,5
6,-64,5
4,-64,5
6,-63,4
6,-64,4
5,-63,5
4,-63,5
6,-64,4
4,-63,4
4,-63,4
6,-63,4
5,-62,6
4,-64,7
6,-63,6
4,-64,7
6,-63,8
9,-62,9
8,-62,9
6,-63,7
6,-62,10
9,-62,11
8,-62,8
8,-64,9
0,-63,1
5,-63,0
9,-63,5
11,-65,8
8,-62,8
7,-62,7
8,-62,6
7,-63,6
7,-62,7
7,-63,7
8,-63,8
9,-63,8
6,-62,5
4,-63,4
4,-63,5
9,-62,7
9,-63,8
8,-63,9
9,-63,8
7,-62,7
9,-63,9
9,-62,10
8,-62,7
7,-62,6
6,-63,6
6,-63,8
9,-63,10
8,-63,8
5,-62,6
5,-63,6
5,-63,7
5,-63,7
6,-63,6
6,-63,6
5,-63,5
6,-63,6
6,-63,7
6,-63,7
9,-63,8
8,-63,7
7,-63,6
8,-63,6
7,-63,6
7,-63,7
7,-62,7
8,-63,7
7,-63,6
8,-63,7
8,-62,7
8,-63,7
8,-63,7
8,-63,6
8,-63,6
9,-63,8
8,-63,7
6,-63,4
8,-63,4
9,-62,7
9,-63,9
9,-63,7
5,-63,4
7,-63,4
7,-62,5
9,-63,7
8,-63,6
8,-63,6
7,-63,5
6,-63,5
7,-64,6
8,-63,6
7,-63,5
8,-63,6
7,-63,5
7,-63,5
6,-63,4
6,-63,4
7,-63,5
8,-63,6
7,-63,6
7,-63,5
7,-63,4
7,-63,5
7,-64,5
7,-63,5
8,-63,5
7,-62,5
7,-63,4
7,-63,5
7,-63,5
6,-63,5
7,-63,5
7,-63,5
7,-63,5
6,-63,4
8,-63,4
7,-63,5
7,-63,5
6,-63,5
6,-63,4
7,-63,5
7,-63,5
7,-63,5
6,-63,4
6,-63,4
6,-63,4
7,-63,5
6,-63,5
6,-63,4
6,-63,5
7,-63,5
7,-63,5
7,-63,5
6,-63,5
7,-63,4
7,-63,5
6,-63,5
6,-63,5
7,-63,5
6,-63,5
6,-63,5
6,-63,5
5,-63,5
6,-63,5
6,-63,4
6,-63,5
7,-63,5
6,-63,5
6,-63,5
6,-63,4
6,-63,4
6,-63,5
6,-63,5
6,-63,5
6,-63,5
6,-63,4
6,-63,4
6,-63,5
6,-63,5
6,-63,6
6,-63,5
6,-63,5
6,-63,3
5,-63,3
6,-63,4
6,-63,5
6,-63,5
6,-63,4
6,-63,5
6,-63,5
6,-63,4
7,-63,4
5,-63,5
6,-63,5
6,-63,4
6,-63,5
6,-63,5
6,-63,5
6,-63,4
6,-63,4
7,-63,5
6,-63,5
6,-63,5
6,-63,5
6,-63,5
6,-63,4
6,-63,4
6,-63,4
6,-63,5
6,-63,5
6,-63,5
6,-63,5
6,-63,5
6,-63,5
6,-63,4
6,-63,5
6,-63,5
6,-63,4
6,-63,5
6,-63,5
6,-63,5
6,-63,5
6,-63,5
6,-63,5
5,-63,5
6,-63,5
6,-63,5
6,-63,5
6,-63,5
6,-63,5
6,-63,5
6,-63,5
6,-63,5
6,-63,5
6,-63,5
6,-63,5
6,-63,4
6,-63,5
6,-63,5
7,-63,5
6,-63,5
5,-63,5
7,-63,5
6,-63,5
5,-63,5
6,-63,5
6,-63,5
6,-63,5
6,-63,5
6,-63,5
6,-63,5
6,-63,5
6,-63,5
6,-63,5
6,-63,5
6,-63,5
6,-63,5
6,-63,5
6,-63,5
6,-63,5
6,-63,5
6,-63,5
6,-63,5
6,-63,5
6,-63,5
6,-63,5
6,-63,5
6,-63,5
6,-63,5
6,-63,5
6,-63,5
6,-63,5
6,-63,5
6,-63,5
6,-63,5
6,-63,5
7,-63,5
6,-63,5
6,-63,5
6,-63,5
7,-63,6
6,-63,5
7,-63,5
6,-63,5
6,-63,5
7,-63,5
6,-63,5
6,-63,5
7,-63,5
6,-63,5
6,-63,5
6,-63,5
7,-62,5
3,-63,4
4,-64,4
5,-63,3
5,-63,5
10,-63,8
15,-64,6
11,-63,7
5,-68,5
4,-66,2
-5,-60,-7
-7,-58,-5
-10,-60,-3
10,-59,8
17,-64,8
6,-65,6
3,-66,4
0,-64,2
0,-64,-2
1,-63,-2
9,-61,5
13,-56,7
17,-69,4
-2,-68,2
-2,-64,-1
5,-63,0
3,-62,-6
6,-62,-1
8,-62,2
12,-64,9
13,-65,8
12,-63,2
11,-63,4
12,-63,6
12,-63,6
13,-63,7
9,-62,1
7,-62,0
9,-63,1
10,-63,5
11,-63,6
0,-61,-3
0,-63,-5
5,-63,0
10,-64,5
10,-63,7
10,-64,6
10,-63,4
1,-61,-4
-2,-61,-6
7,-63,5
12,-63,8
12,-63,6
11,-63,3
11,-63,3
12,-64,6
6,-62,2
8,-63,1
8,-63,3
8,-63,4
8,-62,2
11,-63,3
9,-63,4
9,-63,4
9,-63,4
5,-62,0
6,-63,0
9,-63,4
9,-63,5
11,-63,5
9,-63,4
7,-63,3
7,-63,3
8,-63,3
10,-63,4
8,-63,3
8,-63,3
8,-63,3
8,-63,3
10,-63,4
7,-63,3
8,-63,3
8,-63,3
8,-63,4
8,-63,3
8,-63,3
8,-63,3
9,-63,4
9,-63,4
9,-63,4
9,-62,4
9,-62,5
10,-63,4
10,-63,4
9,-63,4
8,-63,4
10,-63,4
9,-63,4
9,-63,5
10,-63,4
9,-62,4
9,-62,4
10,-62,5
9,-63,5
9,-62,4
9,-63,4
10,-63,4
10,-63,4
8,-63,5
9,-63,4
9,-62,4
9,-63,5
10,-63,5
10,-63,4
10,-63,5
10,-63,5
9,-63,4
9,-63,4
10,-63,5
11,-63,4
10,-63,4
9,-63,4
10,-63,4
10,-63,4
10,-62,4
11,-62,5
11,-63,5
10,-63,4
10,-63,4
10,-63,4
9,-63,4
10,-63,4
10,-63,5
10,-62,4
10,-62,4
10,-63,4
11,-63,5
11,-62,5
10,-62,4
10,-63,4
10,-62,4
11,-63,5
10,-63,4
10,-62,5
10,-62,4
10,-63,5
10,-62,4
10,-63,4
10,-63,5
10,-62,4
10,-63,4
11,-63,5
10,-62,5
10,-63,4
10,-63,4
10,-63,5
10,-63,4
11,-63,4
9,-62,5
8,-63,4
10,-63,4
9,-63,4
10,-63,4
9,-63,4
8,-63,4
9,-63,4
8,-63,4
9,-63,4
9,-63,4
8,-63,5
9,-63,5
8,-63,4
8,-63,4
10,-63,5
10,-63,4
8,-63,4
9,-63,4
8,-63,4
9,-63,4
8,-63,4
8,-63,3
7,-63,4
6,-63,3
6,-63,2
8,-63,3
8,-64,5
8,-63,4
7,-63,2
7,-63,2
7,-63,3
8,-63,2
8,-63,3
8,-63,3
8,-63,3
8,-63,4
8,-63,4
6,-63,3
4,-63,2
3,-63,2
4,-63,3
6,-63,3
9,-63,3
10,-63,5
9,-63,5
7,-62,3
7,-63,3
11,-63,4
10,-63,4
8,-63,4
7,-63,2
7,-63,3
8,-63,4
8,-63,4
8,-63,3
8,-63,3
8,-63,4
8,-63,4
8,-63,4
7,-64,4
8,-64,3
7,-66,2
7,-70,5
9,-68,9
14,-64,10
12,-64,7
12,-67,5
12,-64,2
22,-64,-6
26,-56,0
30,-57,-3
36,-55,0
35,-56,-2
39,-54,0
31,-50,3
32,-48,3
35,-50,-10
42,-54,-14
38,-54,-13
38,-53,-9
27,-48,-4
20,-46,-5
21,-45,-7
23,-48,-6
25,-50,-4
23,-52,-6
26,-55,-2
28,-54,0
36,-58,3
40,-62,4
57,-66,6
42,-60,1
35,-50,-4
32,-49,-8
30,-51,-7
29,-56,-1
29,-58,1
30,-59,4
32,-56,0
32,-54,-2
31,-53,1
32,-54,2
34,-53,2
34,-52,2
32,-49,0
35,-51,1
38,-52,2
41,-52,4
39,-51,3
35,-50,2
35,-51,1
33,-53,2
34,-54,0
33,-55,1
35,-56,1
35,-57,0
33,-53,0
29,-51,0
30,-51,0
33,-51,1
36,-52,3
42,-52,5
40,-48,3
38,-48,3
36,-49,2
35,-50,1
34,-52,1
35,-53,1
37,-53,0
37,-53,0
36,-53,0
34,-53,0
34,-53,0
35,-52,1
34,-51,0
34,-52,0
35,-52,1
36,-52,1
36,-52,1
36,-52,1
35,-52,1
34,-52,1
34,-52,1
35,-52,1
36,-52,1
39,-52,2
38,-51,2
37,-50,2
37,-50,1
37,-49,1
38,-50,1
38,-50,1
39,-50,2
39,-49,1
39,-50,1
38,-50,0
38,-49,0
38,-49,1
38,-50,1
39,-50,1
39,-50,1
39,-49,1
38,-49,1
38,-48,1
40,-49,1
40,-48,1
39,-48,0
40,-48,0
40,-48,0
39,-48,0
38,-49,1
39,-49,0
40,-50,0
39,-54,0
35,-66,3
32,-66,3
27,-67,0
25,-64,0
25,-59,-1
35,-52,-3
39,-51,-5
45,-42,-4
55,-43,-3
53,-40,-2
45,-35,-3
39,-37,-1
50,-40,8
50,-45,11
38,-42,16
47,-44,31
48,-54,13
32,-41,-1
28,-43,-1
27,-42,12
16,-41,11
15,-48,-3
37,-52,-8
45,-56,-12
47,-57,-10
40,-51,-8
46,-45,-9
62,-44,-7
35,-34,-18
65,-53,-9
56,-44,-9
45,-41,-22
43,-40,-23
24,-33,-20
74,-38,-24
65,-30,-28
45,-29,-34
53,-30,-40
38,-27,-39
33,-28,-36
40,-35,-23
48,-46,-25
45,-50,-23
44,-45,-20
44,-43,-18
47,-47,-21
42,-43,-23
46,-40,-22
48,-34,-19
20,-31,-33
10,-42,-12
20,-43,3
51,-66,-17
45,-57,3
27,-54,1
35,-53,-14
37,-53,-23
35,-55,-25
29,-51,-16
15,-47,-16
11,-39,-24
41,-41,-25
34,-38,-23
16,-36,-21
7,-31,-33
60,-53,-29
38,-43,-43
54,-30,-50
51,-34,-50
48,-37,-36
58,-42,-27
61,-45,-22
48,-31,-38
7,-32,-51
40,-41,-24
34,-44,-17
24,-42,-23
31,-39,-29
32,-41,-33
41,-45,-28
43,-44,-23
40,-44,-19
39,-43,-22
38,-46,-21
39,-51,-20
42,-51,-18
39,-44,-22
40,-41,-21
44,-39,-17
47,-36,-17
43,-36,-17
38,-40,-17
42,-35,-19
43,-42,-23
41,-45,-22
41,-45,-19
40,-48,-18
39,-48,-13
39,-51,-13
35,-50,-9
36,-51,-4
47,-53,4
50,-51,0
57,-43,-6
53,-44,-1
34,-49,9
33,-41,7
39,-37,-2
54,-37,-5
61,-40,-3
47,-44,-1
41,-44,2
38,-45,1
42,-48,1
46,-54,1
49,-55,-6
47,-53,-9
43,-51,-9
43,-51,-8
39,-46,-7
35,-44,-7
38,-45,-8
40,-40,-11
34,-38,-19
44,-39,-22
39,-40,-17
38,-39,-17
37,-40,-20
38,-40,-21
38,-45,-24
37,-43,-23
44,-49,-8
39,-57,-10
31,-54,-14
33,-43,-19
39,-40,-17
49,-35,-21
51,-36,-18
48,-37,-17
44,-40,-16
43,-42,-12
44,-45,-14
43,-47,-18
38,-45,-17
38,-47,-16
38,-49,-18
40,-49,-15
38,-49,-14
38,-50,-14
39,-49,-13
39,-48,-13
35,-48,-11
36,-49,-11
36,-49,-12
35,-50,-11
35,-51,-11
34,-51,-12
34,-50,-12
35,-49,-13
36,-48,-12
35,-47,-10
38,-48,-10
40,-48,-12
39,-49,-11
39,-48,-10
39,-47,-11
39,-46,-13
40,-47,-12
37,-49,-12
37,-49,-11
40,-50,-11
39,-50,-12
37,-48,-11
37,-46,-11
39,-47,-13
39,-48,-11
38,-48,-11
40,-47,-12
42,-47,-12
43,-47,-13
41,-46,-14
40,-46,-15
38,-46,-12
38,-46,-11
46,-46,-14
48,-46,-15
39,-42,-12
38,-43,-9
37,-44,-10
34,-47,-11
35,-47,-11
41,-46,-13
42,-44,-12
44,-46,-12
40,-45,-10
40,-45,-11
43,-45,-12
42,-46,-13
41,-47,-13
39,-46,-13
40,-46,-13
40,-45,-12
42,-45,-12
42,-45,-12
41,-46,-13
39,-47,-13
40,-48,-13
39,-48,-14
39,-47,-14
39,-46,-13
39,-45,-13
40,-46,-14
41,-46,-15
39,-47,-19
38,-49,-18
36,-49,-15
37,-47,-15
38,-45,-15
35,-47,-13
36,-47,-14
36,-48,-18
34,-50,-20
33,-52,-17
34,-52,-15
36,-51,-16
37,-49,-16
36,-49,-17
34,-49,-17
34,-49,-17
35,-51,-17
36,-51,-17
35,-51,-17
34,-51,-18
33,-51,-18
31,-50,-18
33,-50,-17
33,-50,-17
37,-51,-17
37,-51,-16
33,-51,-18
33,-51,-18
35,-54,-15
34,-53,-17
32,-52,-15
31,-54,-11
32,-56,-10
32,-57,-14
29,-59,-20
26,-59,-21
32,-58,-12
33,-56,-13
24,-59,-20
18,-56,-28
15,-51,-31
25,-57,-17
26,-52,-8
35,-49,-6
42,-46,-5
52,-50,-11
39,-53,-15
44,-45,-8
44,-54,-11
48,-48,-11
49,-42,-9
44,-36,-10
42,-35,-9
46,-41,1
54,-44,8
62,-53,12
56,-52,11
48,-50,12
49,-51,13
48,-49,14
44,-48,22
41,-48,23
31,-46,28
23,-46,12
31,-19,52
20,-32,47
30,-20,41
36,-22,39
29,-21,40
13,1,56
22,-18,56
35,-40,58
13,-16,54
10,-15,52
18,-11,56
13,-10,54
-4,-4,55
3,-2,62
8,-7,59
-8,-7,61
-14,-4,64
-3,-4,63
-17,-1,62
-14,-1,65
-14,-1,60
-14,1,58
-8,-6,62
-12,-4,63
-9,-2,64
-4,-4,57
-2,-3,57
-2,-3,58
-4,-4,59
-4,-5,62
-3,-5,62
-1,-8,62
3,-10,59
1,-9,57
5,-10,58
3,-11,58
6,-10,58
-2,-6,62
1,-16,60
-1,-9,62
1,-14,63
10,-17,66
9,-17,65
8,-20,63
7,-30,57
12,-12,67
7,-19,62
6,-18,62
8,-22,63
9,-21,61
10,-21,60
8,-20,60
7,-22,58
7,-21,57
10,-23,57
14,-17,57
13,-20,56
13,-18,57
12,-18,56
14,-18,57
18,-18,58
18,-17,57
18,-18,57
18,-17,57
24,-26,56
22,-17,57
23,-18,58
20,-23,56
19,-19,55
20,-19,55
20,-22,56
19,-22,54
20,-20,55
20,-19,55
22,-21,56
20,-21,55
19,-21,56
21,-22,54
22,-22,54
21,-21,55
21,-23,56
21,-23,56
21,-22,55
21,-21,55
20,-20,55
20,-20,55
20,-20,55
20,-20,56
20,-20,56
21,-21,55
20,-20,55
19,-18,55
20,-19,56
20,-20,56
20,-20,56
20,-20,56
21,-20,56
20,-20,55
21,-17,55
22,-18,54
22,-18,54
24,-17,56
24,-17,56
23,-15,56
24,-16,56
25,-17,57
25,-19,56
24,-19,54
25,-20,54
25,-20,54
24,-20,53
25,-20,55
25,-21,55
24,-20,54
24,-21,55
25,-23,54
22,-18,55
27,-17,55
26,-17,54
26,-18,53
25,-19,53
23,-18,52
25,-18,53
22,-19,54
25,-18,55
24,-16,56
25,-16,56
24,-16,55
25,-19,54
24,-16,55
23,-17,55
24,-16,56
22,-20,55
23,-20,55
23,-17,55
20,-18,55
20,-19,55
22,-18,55
24,-17,55
23,-19,55
22,-18,54
25,-19,55
27,-21,55
23,-21,53
22,-20,53
24,-21,54
23,-22,52
26,-22,53
26,-22,53
23,-21,52
24,-20,52
27,-21,53
24,-20,53
22,-23,52
22,-25,52
21,-23,52
22,-23,53
24,-23,54
25,-23,55
23,-21,56
24,-22,56
29,-25,54
31,-26,54
31,-28,52
35,-29,52
33,-30,44
28,-26,40
32,-25,42
31,-21,43
34,-18,45
38,-18,50
39,-18,51
40,-19,51
41,-22,48
38,-19,47
38,-19,45
38,-19,45
35,-19,45
33,-18,46
34,-20,47
37,-22,50
36,-22,48
35,-18,46
36,-16,48
34,-16,49
34,-19,50
35,-19,51
33,-18,52
33,-17,52
34,-16,52
32,-14,50
33,-14,52
36,-20,57
41,-26,59
41,-30,56
33,-23,50
28,-21,49
25,-26,46
26,-30,44
24,-33,41
23,-31,39
24,-30,39
23,-29,43
25,-28,44
27,-22,47
26,-18,49
25,-18,53
23,-19,53
24,-23,53
26,-25,56
27,-25,55
26,-23,54
26,-22,54
26,-21,53
26,-21,54
28,-23,54
29,-24,55
29,-25,55
31,-27,56
33,-28,58
38,-31,61
40,-33,54
37,-27,48
27,-14,38
26,-11,36
28,-9,39
32,-16,44
37,-20,46
42,-29,51
36,-27,51
27,-19,47
28,-17,47
28,-13,49
30,-14,50
32,-16,51
34,-19,53
33,-19,53
31,-17,55
29,-16,55
28,-16,54
27,-16,54
27,-17,55
27,-16,54
30,-16,57
30,-16,58
34,-22,58
36,-24,58
36,-22,53
35,-19,51
31,-19,47
28,-24,45
28,-26,44
31,-27,44
32,-26,45
30,-21,44
29,-17,43
26,-10,45
24,-10,48
28,-13,50
29,-21,51
33,-22,52
29,-18,56
27,-20,59
28,-20,59
31,-25,56
32,-22,56
29,-19,56
27,-18,56
27,-16,55
32,-17,58
34,-20,61
48,-36,58
43,-31,50
28,-14,38
26,-6,39
29,-8,41
33,-16,46
35,-22,48
33,-28,48
29,-26,45
26,-21,47
27,-18,49
27,-18,49
28,-19,53
29,-21,55
29,-20,56
28,-19,56
29,-20,56
28,-20,55
27,-20,54
27,-16,54
28,-16,57
33,-21,61
42,-31,62
39,-28,55
31,-18,48
26,-15,46
24,-22,45
26,-24,45
28,-28,44
31,-24,42
30,-20,42
25,-9,45
25,-8,47
27,-15,50
28,-22,54
28,-25,57
29,-27,58
26,-27,58
23,-24,55
23,-23,54
23,-20,55
24,-21,56
23,-22,55
22,-22,54
21,-22,55
23,-21,57
26,-23,60
30,-27,63
32,-30,59
24,-28,52
18,-17,47
19,-14,48
21,-16,48
26,-21,48
28,-22,48
33,-21,50
32,-18,51
31,-16,54
28,-20,52
25,-19,51
25,-18,52
26,-18,53
27,-20,54
27,-22,54
27,-24,54
25,-24,53
24,-23,53
24,-19,53
25,-20,53
27,-19,54
27,-20,55
27,-16,55
26,-15,57
28,-21,59
33,-31,56
27,-26,51
24,-24,51
24,-32,50
23,-34,48
21,-32,45
21,-28,45
23,-26,46
23,-27,46
23,-29,47
24,-32,48
25,-32,48
25,-32,49
25,-32,50
27,-32,50
28,-32,49
28,-33,49
28,-31,51
29,-30,52
30,-30,52
25,-26,49
23,-26,48
23,-28,47
25,-31,49
29,-36,50
27,-35,50
26,-34,49
26,-34,49
26,-33,48
27,-30,48
28,-29,49
28,-26,51
28,-24,53
27,-21,58
31,-21,68
25,-10,70
20,-18,65
22,-23,61
22,-21,57
11,-16,53
15,-15,53
9,-9,49
8,-8,51
3,-7,52
5,-6,53
10,-10,55
11,-12,56
7,-10,56
5,-11,56
5,-10,56
11,-14,56
10,-9,56
10,-8,57
18,-10,58
23,-11,59
19,-14,58
24,-12,63
18,-10,64
17,-11,62
24,-13,62
27,-10,60
26,-10,60
21,-9,57
26,-10,56
28,-7,57
28,-7,56
27,-6,55
32,-7,54
32,-7,54
31,-6,54
30,-6,54
33,-9,54
32,-6,55
32,-7,55
29,-5,54
29,-5,54
34,-10,55
30,-8,56
29,-10,57
30,-16,56
30,-16,54
24,-14,51
24,-13,52
25,-14,54
28,-19,54
28,-21,54
27,-22,52
25,-21,52
25,-20,53
25,-19,54
26,-20,55
28,-19,57
27,-18,57
27,-18,55
27,-17,53
26,-17,52
27,-17,53
29,-18,55
32,-21,55
34,-21,54
31,-16,49
26,-16,49
26,-19,49
28,-23,51
30,-24,52
29,-23,51
28,-18,51
29,-17,52
31,-18,53
31,-18,53
31,-19,52
31,-18,53
30,-18,51
30,-18,52
30,-18,52
30,-18,52
30,-18,51
30,-19,52
31,-19,51
30,-19,51
31,-18,51
31,-17,51
31,-17,51
31,-17,51
32,-17,52
31,-17,53
32,-17,52
32,-18,52
31,-18,51
32,-17,51
31,-17,51
30,-17,51
31,-17,51
31,-17,51
30,-17,52
31,-17,52
32,-19,52
33,-19,52
33,-19,51
32,-18,50
31,-17,50
32,-19,50
33,-19,50
35,-20,49
33,-18,46
34,-18,44
32,-19,42
32,-19,43
30,-17,47
35,-14,54
39,-14,54
44,-15,45
42,-14,40
40,-14,34
43,-20,33
44,-24,34
55,-33,34
54,-30,33
44,-16,49
44,-17,56
49,-38,54
50,-27,47
49,-21,46
44,-14,43
42,-13,42
37,-16,39
37,-18,39
39,-15,41
43,-11,44
44,-11,46
42,-11,49
41,-8,48
43,-3,42
38,-3,34
35,2,33
32,-6,43
45,-17,58
51,-58,54
35,-58,53
35,-54,54
17,-32,48
4,-24,43
14,-17,46
21,-17,46
26,-19,50
20,-26,55
17,-28,57
19,-30,53
24,-30,52
29,-28,52
31,-25,51
34,-21,54
34,-21,55
34,-20,56
32,-23,60
39,-24,62
46,-26,55
45,-18,51
42,-20,53
37,-21,51
30,-21,47
30,-18,47
38,-24,48
27,-15,40
26,-11,44
26,-12,45
23,-11,47
20,-10,45
18,-8,44
20,-8,45
26,-13,46
25,-8,50
29,-9,54
32,-16,57
30,-17,59
26,-27,55
25,-29,50
24,-34,52
17,-26,49
20,-24,50
23,-25,52
22,-21,49
25,-21,52
32,-24,58
25,-22,49
19,-20,47
16,-19,47
17,-24,45
14,-32,42
13,-35,43
18,-51,39
19,-59,39
25,-68,38
25,-65,36
21,-66,31
18,-63,34
17,-62,32
12,-56,35
11,-51,42
13,-50,33
10,-47,44
15,-49,46
29,-89,21
10,-72,52
1,-44,29
15,-33,54
20,-25,54
29,-28,48
19,-36,35
25,-47,30
27,-48,34
23,-64,36
27,-44,42
27,-45,43
27,-51,34
24,-44,50
34,-40,48
44,-35,41
18,-37,21
30,-50,35
38,-50,51
32,-46,34
42,-49,43
41,-44,52
40,-36,42
39,-33,41
48,-33,39
44,-30,39
42,-27,38
46,-27,38
43,-26,34
43,-24,34
42,-24,32
39,-22,33
38,-21,34
44,-24,34
41,-21,41
39,-19,41
37,-14,40
35,-11,44
36,-9,45
37,-9,47
37,-10,49
33,-11,47
36,-12,47
39,-14,51
36,-14,50
33,-13,47
36,-15,49
32,-15,51
31,-15,46
32,-15,45
33,-17,46
35,-18,46
32,-18,45
35,-22,40
38,-24,40
34,-29,38
37,-32,37
35,-33,33
40,-34,30
43,-37,30
39,-35,32
38,-36,30
40,-39,34
36,-40,34
36,-41,35
33,-41,36
32,-42,36
37,-44,35
36,-45,34
35,-45,38
32,-50,30
32,-52,36
30,-54,24
60,-68,33
57,-60,32
51,-64,22
63,-66,-1
66,-59,25
65,-58,22
70,-62,21
73,-65,17
38,-71,26
24,-69,31
20,-67,28
16,-57,20
19,-49,35
33,-55,36
29,-47,34
17,-38,44
10,-20,40
11,-14,35
19,-12,34
15,-11,37
9,-7,44
9,-7,44
11,-13,45
14,-16,46
17,-17,45
22,-9,51
20,-7,48
24,-9,52
22,-21,57
24,-21,61
30,-26,60
30,-28,59
29,-23,59
28,-24,58
26,-19,57
32,-29,53
27,-30,52
24,-22,49
24,-17,50
22,-31,46
29,-16,52
28,-22,53
27,-21,53
27,-20,53
27,-19,55
28,-18,56
31,-22,56
28,-24,55
28,-21,55
28,-20,53
33,-17,52
38,-13,56
42,-22,57
39,-24,51
30,-16,46
27,-13,43
33,-13,41
35,-15,42
36,-19,48
36,-21,49
35,-20,48
31,-13,47
29,-13,47
31,-12,48
33,-15,52
34,-17,52
35,-19,53
36,-18,53
34,-13,52
35,-12,52
35,-11,52
37,-9,52
37,-7,53
38,-4,53
37,-2,53
36,-3,55
38,-8,55
42,-20,57
32,-14,51
29,-12,48
29,-14,47
29,-15,48
31,-18,48
31,-20,48
29,-21,47
26,-23,47
27,-24,49
29,-25,51
29,-24,52
27,-23,52
26,-22,53
27,-23,53
29,-21,53
31,-21,53
33,-21,52
29,-19,50
29,-19,50
31,-20,53
32,-21,54
36,-22,52
35,-20,50
29,-15,46
30,-17,45
31,-19,46
34,-22,48
34,-22,48
33,-19,47
36,-17,48
36,-17,50
34,-17,50
32,-16,49
32,-19,51
33,-20,52
35,-22,52
33,-21,50
33,-20,48
33,-17,47
34,-17,47
35,-17,48
36,-17,48
36,-18,49
34,-16,49
34,-15,49
36,-16,51
35,-16,52
34,-15,50
35,-15,49
35,-14,49
35,-13,48
35,-14,48
36,-13,48
36,-13,48
36,-13,49
35,-13,49
35,-13,49
35,-14,49
35,-15,49
34,-15,49
35,-17,49
35,-17,50
35,-15,50
35,-15,49
36,-14,49
37,-14,49
38,-14,49
39,-16,50
39,-16,51
38,-15,50
37,-15,51
38,-18,53
39,-23,54
40,-25,54
35,-19,49
32,-14,45
31,-13,44
33,-16,46
35,-22,46
34,-23,45
32,-22,45
30,-22,46
30,-23,46
30,-24,46
30,-25,47
29,-25,47
28,-26,48
29,-26,48
29,-26,50
29,-25,51
32,-24,51
30,-20,51
29,-20,50
29,-20,49
31,-21,50
33,-24,52
33,-24,51
33,-25,50
34,-23,49
34,-22,50
33,-23,52
37,-27,55
43,-34,52
32,-21,43
32,-19,41
34,-16,40
36,-16,42
42,-22,43
39,-21,43
36,-19,43
35,-19,44
35,-20,45
36,-22,48
36,-21,48
35,-19,49
35,-17,50
36,-17,49
36,-17,48
36,-17,47
38,-17,48
36,-16,49
36,-17,50
38,-17,54
37,-16,55
35,-15,53
34,-14,52
34,-15,54
34,-16,54
33,-15,53
30,-13,47
28,-11,46
26,-10,46
26,-10,46
28,-13,50
32,-15,53
33,-16,55
29,-16,54
28,-18,54
27,-18,55
27,-19,55
26,-19,55
26,-18,54
26,-18,54
27,-16,53
28,-16,53
27,-14,54
27,-15,54
28,-15,54
27,-15,54
27,-15,54
27,-14,53
27,-14,52
27,-14,52
27,-14,53
28,-14,53
28,-15,54
28,-16,54
29,-16,54
28,-14,54
28,-15,53
29,-16,54
28,-16,54
29,-16,54
28,-16,54
29,-17,54
28,-16,53
28,-16,53
29,-16,53
29,-17,53
29,-17,53
29,-17,53
29,-17,53
28,-17,53
29,-17,53
29,-17,53
28,-16,53
29,-17,53
30,-18,53
29,-17,53
29,-17,53
29,-17,53
29,-17,52
28,-17,52
29,-17,53
29,-17,53
29,-17,53
29,-17,53
29,-17,53
29,-17,52
30,-18,53
29,-17,53
29,-17,52
29,-17,53
30,-18,52
29,-17,53
29,-17,52
30,-18,52
30,-18,52
30,-17,52
29,-17,52
29,-18,52
30,-17,52
30,-18,52
30,-18,53
29,-17,52
30,-17,52
31,-18,52
30,-18,52
30,-17,52
30,-17,52
30,-17,52
29,-17,52
30,-17,52
30,-17,52
30,-17,52
30,-17,52
30,-17,52
30,-17,52
30,-17,52
30,-17,52
30,-17,52
30,-17,52
30,-17,52
30,-17,52
30,-18,52
30,-17,52
29,-17,52
30,-17,52
30,-18,52
30,-18,52
30,-18,53
30,-18,52
29,-17,52
30,-18,52
30,-18,52
30,-17,52
30,-18,52
30,-18,52
30,-18,52
30,-18,52
30,-19,52
30,-18,52
30,-18,52
29,-18,52
29,-18,52
29,-18,51
30,-18,52
30,-18,52
29,-18,52
30,-18,52
30,-18,52
30,-18,52
29,-19,52
29,-18,52
30,-19,52
30,-18,52
29,-19,52
29,-19,52
30,-19,52
30,-18,52
29,-19,52
29,-18,52
30,-18,52
29,-19,52
29,-18,52
29,-18,52
29,-18,52
30,-19,52
29,-19,52
29,-18,52
30,-19,52
30,-18,52
29,-18,52
30,-19,52
29,-19,52
29,-18,52
29,-18,52
30,-19,52
30,-19,53
30,-18,53
31,-18,54
31,-19,54
31,-19,54
29,-19,54
26,-18,54
26,-19,52
25,-19,53
24,-16,55
22,-17,54
21,-17,56
21,-16,56
19,-15,56
20,-14,58
20,-16,56
19,-16,58
20,-17,57
19,-16,56
19,-16,57
19,-16,57
19,-16,56
20,-15,56
20,-16,57
19,-16,57
21,-16,58
21,-16,57
21,-17,57
21,-16,57
21,-16,56
21,-17,56
20,-17,54
19,-17,52
19,-15,52
15,-19,49
25,-17,57
24,-17,59
25,-20,61
27,-18,58
26,-18,57
26,-18,55
26,-19,54
25,-17,53
25,-18,53
25,-17,53
25,-17,55
25,-17,56
26,-19,56
26,-19,56
25,-18,56
25,-18,55
25,-18,54
24,-17,54
25,-17,54
25,-18,54
24,-17,55
24,-18,55
24,-18,56
24,-17,55
24,-17,55
25,-17,55
24,-17,54
24,-17,54
25,-17,54
24,-17,55
24,-17,55
24,-17,55
24,-17,56
25,-17,55
24,-17,55
25,-17,55
24,-17,55
25,-17,55
25,-17,55
25,-17,55
24,-17,55
24,-18,55
24,-17,55
25,-18,55
25,-17,55
24,-18,55
24,-18,55
24,-18,55
24,-18,55
24,-18,55
24,-17,55
24,-17,55
24,-18,55
24,-18,55
24,-18,55
24,-17,54
24,-18,54
24,-18,55
25,-19,54
24,-19,54
23,-18,55
23,-18,55
24,-19,55
25,-17,56
24,-17,55
24,-18,55
24,-18,55
24,-18,55
24,-17,55
24,-18,55
24,-18,55
24,-17,55
24,-18,55
24,-18,55
24,-19,55
25,-19,55
24,-19,55
24,-19,55
24,-18,55
25,-18,54
24,-19,55
24,-19,54
24,-19,55
24,-18,54
25,-18,55
24,-19,55
25,-19,55
25,-18,55
24,-18,54
25,-18,55
25,-18,54
25,-18,54
25,-18,54
25,-18,55
25,-18,55
25,-18,55
25,-19,54
25,-18,55
25,-18,54
25,-18,54
25,-18,55
25,-18,54
24,-18,55
25,-19,55
25,-18,55
25,-18,55
25,-18,55
25,-18,55
25,-17,55
24,-17,55
24,-17,55
25,-17,55
24,-17,55
24,-17,55
24,-17,55
25,-17,55
24,-17,55
24,-17,55
24,-17,54
25,-17,55
24,-16,55
24,-17,55
25,-17,55
25,-18,55
25,-17,55
25,-17,55
24,-17,55
25,-17,55
25,-17,55
25,-17,55
24,-17,55
25,-17,55
25,-17,55
24,-17,55
24,-17,55
25,-17,55
25,-17,55
25,-17,55
25,-17,55
25,-17,55
25,-17,55
24,-17,55
25,-17,54
25,-18,54
24,-17,54
25,-17,55
25,-17,55
25,-17,55
26,-16,56
25,-17,55
25,-17,55
25,-17,54
25,-17,54
25,-17,54
25,-18,55
25,-17,55
25,-17,55
25,-17,55
25,-17,55
25,-17,54
25,-17,55
25,-17,55
25,-17,55
25,-17,55
25,-18,55
25,-17,55
25,-17,55
25,-18,55
25,-17,55
25,-17,55
25,-17,55
25,-17,54
25,-17,55
25,-17,55
24,-17,55
25,-17,55
25,-17,55
24,-17,55
25,-17,55
24,-17,55
24,-17,55
24,-17,55
24,-17,55
24,-17,55
24,-17,55
24,-16,55
24,-17,55
24,-17,55
24,-17,55
25,-17,55
24,-17,55
24,-17,55
24,-16,55
25,-17,55
24,-17,55
24,-17,55
24,-17,55
25,-17,55
24,-17,55
24,-17,55
24,-17,55
24,-17,55
24,-17,55
25,-17,55
24,-17,55
24,-17,55
24,-17,55
24,-17,55
24,-17,55
24,-17,55
24,-17,55
24,-17,55
24,-17,55
24,-17,55
24,-16,55
24,-17,55
24,-17,55
24,-17,55
24,-17,55
24,-17,55
24,-17,55
24,-17,55
24,-17,55
24,-17,55
24,-17,55
24,-17,55
24,-17,55
24,-17,55
24,-17,55
24,-17,55
24,-17,55
24,-18,55
24,-18,55
24,-18,55
24,-17,55
24,-18,55
24,-17,55
24,-17,55
25,-18,55
24,-17,55
24,-17,55
24,-17,55
24,-18,55
24,-18,55
24,-19,54
24,-18,54
24,-18,55
24,-18,55
24,-18,55
24,-17,56
24,-18,55
24,-18,55
24,-17,55
24,-17,55
24,-18,55
24,-18,55
24,-18,55
24,-17,55
24,-18,55
24,-17,55
24,-17,55
24,-17,55
24,-17,55
24,-17,55
24,-17,55
24,-17,55
24,-17,55
24,-17,55
24,-18,55
24,-18,55
24,-17,55
24,-18,55
24,-18,55
25,-17,54
24,-18,54
24,-17,54
25,-18,55
24,-18,55
25,-18,55
24,-18,55
24,-18,55
24,-18,55
24,-18,55
24,-18,55
24,-18,55
24,-18,55
24,-18,55
24,-18,55
24,-18,55
24,-18,55
24,-18,55
24,-18,55
24,-18,55
24,-18,55
24,-17,55
24,-18,55
24,-18,55
24,-18,55
24,-18,55
24,-18,55
23,-18,55
24,-18,55
24,-18,55
23,-17,55
23,-18,55
23,-18,55
23,-18,55
23,-18,56
23,-18,55
23,-18,55
23,-18,55
23,-18,55
23,-18,55
23,-18,55
23,-18,55
23,-18,55
23,-18,55
23,-18,55
23,-18,55
23,-18,55
23,-18,55
23,-18,55
23,-18,56
23,-17,56
23,-18,56
23,-17,56
23,-17,55
23,-17,55
23,-18,55
23,-17,55
23,-17,55
23,-17,56
23,-17,55
23,-17,56
23,-17,55
23,-17,55
23,-17,55
23,-17,55
24,-17,56
23,-17,55
23,-18,55
23,-17,56
23,-18,55
24,-18,55
24,-17,56
24,-17,56
24,-18,55
24,-17,55
24,-17,55
23,-17,55
23,-17,56
24,-17,56
24,-17,55
24,-17,55
23,-17,55
24,-18,55
24,-17,55
23,-17,55
23,-17,55
23,-17,56
23,-17,55
23,-17,55
23,-17,55
23,-17,55
23,-17,55
23,-17,55
23,-17,55
23,-18,55
23,-17,55
23,-17,55
23,-17,55
23,-17,56
23,-17,55
23,-17,56
23,-17,56
23,-17,56
23,-17,55
23,-17,55
23,-17,56
23,-17,55
23,-17,56
23,-17,56
23,-17,56
23,-17,56
24,-17,56
23,-18,55
23,-16,55
24,-17,56
23,-17,56
23,-17,55
23,-17,55
23,-17,55
23,-17,55
23,-17,56
23,-17,55
23,-17,55
23,-17,56
23,-17,55
23,-17,56
23,-17,56
23,-17,55
23,-17,55
23,-17,56
23,-17,56
23,-17,56
23,-17,56
23,-17,55
23,-16,55
23,-17,56
23,-17,56
23,-17,56
23,-17,56
22,-17,56
22,-17,55
22,-16,56
23,-17,56
23,-17,56
22,-17,56
23,-17,56
22,-17,55
23,-17,56
22,-17,56
23,-17,56
23,-17,56
22,-17,56
23,-17,56
23,-17,56
23,-17,56
22,-17,55
23,-17,56
23,-17,56
23,-17,56
23,-16,56
23,-17,56
23,-16,56
23,-16,56
23,-16,56
23,-16,56
23,-16,56
23,-16,56
23,-16,56
22,-16,56
22,-16,56
23,-16,56
22,-16,56
22,-16,56
22,-16,56
22,-16,56
22,-15,56
22,-16,56
22,-16,56
22,-16,56
23,-16,56
22,-16,56
22,-16,56
22,-16,56
22,-16,56
23,-17,56
22,-15,56
22,-15,56
23,-15,58
23,-16,57
23,-17,56
22,-17,56
22,-17,55
22,-16,56
22,-17,56
22,-17,57
23,-16,57
22,-16,57
22,-16,56
23,-17,57
23,-17,57
22,-17,57
21,-17,57
22,-16,57
21,-16,56
20,-16,56
21,-16,57
20,-15,56
20,-15,57
19,-15,57
19,-16,57
19,-15,57
19,-14,57
19,-15,58
18,-16,57
18,-17,57
23,-8,62
16,-16,57
19,-15,57
18,-17,57
19,-16,57
19,-17,58
19,-16,58
19,-16,58
19,-17,57
19,-17,57
19,-16,57
18,-17,57
19,-17,57
18,-16,57
19,-16,56
21,-16,57
20,-16,57
20,-16,56
21,-15,57
23,-16,57
21,-16,55
22,-16,56
23,-17,56
24,-16,56
21,-17,55
23,-17,57
23,-18,57
24,-17,56
24,-17,57
23,-18,56
22,-18,55
22,-19,56
21,-17,56
21,-19,55
21,-18,56
21,-18,56
21,-19,55
21,-18,56
22,-18,56
21,-19,56
21,-18,56
21,-18,56
21,-18,56
21,-18,56
21,-17,56
22,-18,56
22,-18,56
21,-18,56
22,-17,56
21,-19,55
21,-19,55
21,-18,55
21,-18,55
22,-19,55
21,-20,56
21,-20,56
19,-22,55
22,-17,56
21,-19,56
21,-20,55
22,-19,56
17,-15,58
21,-22,55
20,-21,55
22,-19,57
22,-19,55
20,-22,54
21,-21,55
22,-20,55
22,-21,54
20,-22,54
21,-20,55
24,-19,55
23,-21,54
22,-21,55
22,-21,54
22,-21,54
23,-22,55
23,-22,55
24,-21,54
24,-20,54
25,-20,54
26,-20,54
25,-19,53
25,-18,53
27,-18,53
27,-18,53
27,-17,54
27,-17,54
27,-19,55
29,-19,55
27,-19,54
27,-20,53
26,-20,51
27,-21,51
26,-21,51
27,-22,51
26,-23,51
23,-21,50
22,-21,51
22,-22,52
24,-25,54
26,-25,55
28,-23,57
26,-21,56
24,-22,55
24,-23,53
24,-22,50
25,-20,48
26,-20,48
28,-22,50
29,-26,50
28,-27,50
28,-28,49
27,-28,48
26,-23,48
28,-21,49
29,-20,52
30,-23,53
31,-24,53
30,-25,53
32,-26,52
31,-30,48
33,-32,49
37,-37,50
39,-33,46
36,-27,45
34,-22,44
35,-23,45
36,-27,43
33,-22,42
36,-20,43
41,-21,41
41,-12,43
37,-22,44
41,-26,47
38,-25,45
22,-30,32
47,-15,45
36,-21,40
34,-21,37
37,-22,37
43,-26,39
45,-25,39
48,-23,41
48,-21,45
43,-23,54
24,-34,71
20,-39,69
18,-42,62
20,-44,59
22,-43,56
23,-38,56
20,-24,49
19,-9,45
18,-10,46
22,-12,52
25,-16,56
21,-20,55
20,-20,50
25,-20,48
29,-20,48
29,-21,45
31,-20,44
37,-19,43
32,-9,39
28,-7,41
31,-9,45
38,-18,55
38,-21,58
41,-25,61
40,-28,56
40,-26,53
40,-28,48
38,-28,46
37,-24,41
38,-28,41
38,-29,41
38,-28,40
36,-26,39
35,-28,42
37,-34,45
37,-42,41
27,-28,35
27,-26,36
23,-33,43
23,-38,47
36,-50,51
37,-48,51
27,-28,52
26,-29,48
26,-30,46
25,-28,43
27,-29,45
47,-37,50
38,-32,48
33,-25,46
30,-20,37
30,-19,37
34,-20,41
34,-20,42
32,-18,43
31,-22,47
32,-25,50
36,-32,52
37,-37,53
37,-30,54
35,-26,46
36,-19,44
35,-13,41
31,-16,39
28,-15,41
30,-15,43
39,-24,47
41,-32,51
39,-32,51
34,-19,50
34,-16,48
35,-19,43
35,-20,44
34,-18,46
36,-20,46
34,-21,47
32,-21,45
36,-21,46
38,-21,43
38,-21,42
44,-23,44
49,-23,45
44,-22,44
45,-25,48
45,-24,47
40,-23,39
35,-21,40
35,-21,43
37,-24,43
39,-26,42
39,-24,43
39,-23,43
39,-23,43
41,-23,43
41,-23,44
40,-23,44
40,-24,44
40,-23,44
40,-24,42
39,-24,41
38,-23,42
38,-23,42
37,-23,42
37,-23,42
38,-23,43
37,-24,41
37,-23,41
39,-24,42
41,-27,42
39,-26,44
38,-25,43
38,-24,43
38,-24,44
39,-25,43
38,-24,43
38,-25,43
38,-25,43
37,-24,43
38,-24,44
37,-25,43
38,-25,43
37,-25,44
36,-25,44
37,-25,43
38,-26,44
38,-25,44
36,-24,43
38,-26,44
37,-26,44
36,-25,43
37,-25,44
37,-25,43
37,-25,43
38,-25,44
38,-25,43
37,-25,43
38,-24,44
37,-26,43
38,-25,44
37,-25,43
38,-25,43
38,-25,43
38,-26,43
37,-25,43
37,-25,43
37,-25,43
37,-26,43
37,-26,43
37,-25,43
37,-25,43
37,-25,43
38,-26,43
37,-25,43
37,-25,43
38,-25,43
37,-25,43
38,-26,43
37,-26,43
37,-25,44
37,-25,43
38,-25,44
37,-25,43
38,-25,43
38,-25,43
36,-25,43
38,-25,44
38,-25,44
37,-25,44
36,-25,43
37,-25,44
38,-25,44
37,-25,44
37,-25,44
37,-25,43
37,-25,43
37,-25,44
38,-26,44
37,-26,43
37,-25,44
37,-25,43
38,-26,43
38,-25,43
38,-25,43
38,-25,43
37,-25,43
38,-25,44
38,-25,43
38,-25,43
37,-25,43
37,-25,42
37,-25,42
38,-25,43
38,-25,43
38,-25,43
37,-25,43
38,-25,44
37,-25,43
37,-25,43
38,-25,44
38,-25,43
37,-24,43
38,-25,44
38,-25,44
37,-25,44
37,-25,44
37,-25,44
37,-25,43
37,-25,44
38,-25,43
38,-26,43
37,-24,44
37,-25,44
38,-25,44
37,-25,44
36,-24,44
36,-25,44
36,-25,44
36,-25,44
37,-24,44
37,-25,44
37,-25,45
36,-25,44
36,-25,44
37,-25,45
36,-25,44
37,-25,44
37,-25,44
36,-25,44
36,-25,44
36,-25,44
37,-25,45
36,-25,45
36,-25,44
36,-25,44
36,-25,44
36,-25,44
36,-25,44
36,-25,45
36,-25,45
36,-25,45
36,-25,44
36,-25,44
36,-25,45
35,-25,45
36,-25,45
36,-25,45
35,-25,45
36,-25,45
36,-25,44
36,-25,45
36,-25,45
36,-24,45
36,-24,45
36,-25,45
36,-24,45
36,-25,45
36,-25,44
36,-25,45
36,-25,44
36,-25,45
36,-25,45
36,-25,45
36,-25,45
36,-25,45
36,-25,45
35,-25,45
35,-25,45
36,-25,45
35,-24,45
36,-25,44
36,-24,44
36,-24,44
36,-24,45
36,-25,44
36,-24,45
36,-24,45
36,-24,44
37,-25,45
36,-25,45
36,-24,45
36,-25,44
36,-24,44
36,-24,45
37,-24,45
36,-25,44
37,-24,45
37,-24,45
36,-24,45
36,-24,45
36,-24,44
36,-24,44
37,-25,45
37,-24,44
37,-24,45
37,-25,45
37,-25,45
36,-24,45
36,-24,44
36,-24,44
37,-25,45
36,-25,45
36,-23,45
36,-24,45
36,-25,44
36,-24,45
36,-24,45
36,-24,45
36,-25,45
36,-25,45
36,-25,45
36,-25,45
36,-24,45
36,-24,45
36,-25,45
36,-25,45
36,-24,45
36,-24,45
36,-25,45
36,-24,45
36,-24,45
36,-24,45
36,-25,45
35,-24,45
36,-25,45
36,-25,45
36,-24,45
36,-24,45
36,-25,45
36,-25,45
35,-24,45
36,-24,45
36,-25,45
36,-25,45
35,-24,45
36,-25,45
35,-25,44
36,-25,45
36,-25,45
36,-24,45
36,-25,45
36,-25,45
36,-25,45
36,-25,45
36,-25,44
36,-25,44
36,-25,45
36,-25,45
36,-25,44
36,-25,44
36,-25,45
36,-25,44
36,-25,45
36,-25,45
36,-25,45
36,-25,44
36,-25,44
36,-24,44
37,-25,44
36,-24,45
36,-25,45
36,-24,45
37,-24,45
36,-24,45
37,-25,45
36,-24,44
36,-24,44
37,-24,44
36,-24,44
37,-25,45
36,-25,45
36,-24,44
36,-25,45
36,-25,44
36,-25,44
36,-25,44
36,-24,45
37,-25,44
36,-25,44
36,-24,44
36,-24,45
36,-25,44
36,-25,45
36,-24,45
36,-24,45
36,-24,45
36,-25,45
36,-25,45
36,-24,45
36,-24,45
36,-25,45
36,-24,44
36,-24,45
36,-24,45
36,-24,45
35,-24,45
35,-24,45
36,-24,45
36,-24,45
36,-25,45
35,-24,45
36,-24,45
36,-24,45
36,-24,45
36,-24,45
36,-25,45
36,-24,45
36,-24,45
36,-25,45
36,-25,45
36,-25,45
36,-25,45
35,-25,45
35,-25,45
36,-25,45
35,-25,45
35,-25,45
35,-25,45
36,-25,45
35,-25,45
35,-25,45
36,-25,45
35,-25,45
35,-25,45
35,-25,45
35,-25,46
35,-25,45
35,-25,45
35,-25,45
35,-25,45
35,-25,45
35,-25,45
35,-25,45
35,-25,45
35,-25,45
35,-25,45
35,-25,45
35,-25,45
35,-25,45
35,-25,45
36,-25,46
35,-25,46
35,-25,45
35,-25,45
35,-25,45
35,-25,45
35,-25,45
35,-25,45
35,-25,45
35,-25,46
35,-25,46
35,-25,45
35,-25,45
35,-25,46
34,-25,45
35,-26,45
35,-26,45
35,-25,45
35,-25,45
34,-25,45
35,-25,45
35,-25,46
35,-25,46
34,-25,45
34,-25,46
34,-25,45
34,-25,45
35,-25,45
34,-25,46
34,-25,45
35,-25,45
35,-25,45
35,-25,45
35,-25,46
35,-25,46
35,-25,46
35,-25,46
35,-25,46
34,-25,46
35,-25,45
34,-25,45
34,-25,45
35,-25,46
34,-26,46
34,-25,46
34,-25,46
35,-25,46
34,-25,46
34,-25,46
35,-25,46
35,-25,46
34,-25,46
34,-25,46
35,-25,46
34,-25,46
35,-25,46
34,-25,45
34,-25,46
34,-25,46
34,-25,46
34,-25,46
34,-25,46
35,-25,46
34,-25,46
34,-25,45
34,-26,46
34,-25,46
34,-26,46
34,-25,46
34,-25,46
35,-25,46
34,-25,46
34,-25,46
35,-25,46
34,-25,45
34,-25,45
34,-25,45
34,-25,46
34,-25,46
34,-25,46
35,-25,46
35,-25,46
35,-25,46
34,-25,45
34,-25,45
35,-25,46
35,-25,46
34,-25,46
35,-25,46
35,-25,46
30,-34,44
35,-21,49
35,-25,46
34,-25,45
33,-26,46
34,-26,46
34,-25,46
35,-26,47
34,-26,47
32,-25,48
30,-27,46
32,-28,51
31,-25,52
32,-27,51
32,-24,51
30,-27,53
28,-24,57
22,-18,62
24,-17,55
16,-21,57
10,-16,58
19,-18,59
18,-18,62
6,-10,65
8,-2,66
8,-7,69
8,-11,64
7,-6,62
1,4,59
-4,6,58
8,-2,57
-1,5,56
-9,12,55
-7,17,60
-2,4,58
-11,13,57
-8,11,62
-8,12,62
-10,14,62
-12,14,58
-11,14,58
-9,15,61
-12,15,58
-11,15,58
-12,17,60
-11,18,60
-12,18,59
-10,20,59
-9,21,58
-8,20,58
-10,21,57
-11,22,57
-8,22,58
-8,22,58
-13,23,54
0,22,58
-2,23,61
-10,23,59
-8,22,60
-5,23,62
-7,23,60
-7,22,60
-9,23,60
-8,23,61
-3,21,60
-3,20,60
5,16,62
-13,23,54
-2,20,58
-5,21,60
-5,19,59
-6,20,58
-7,20,60
-6,18,60
-6,18,58
-6,18,60
-5,17,62
-6,16,61
-5,17,62
-1,16,62
-4,18,62
0,17,64
2,16,63
2,15,64
7,19,68
10,11,64
17,3,63
19,0,70
-8,-9,50
-4,-5,44
-3,-6,53
-11,-10,60
-6,-11,59
-7,-1,61
1,8,68
5,-9,68
10,-1,81
1,-26,64
0,3,58
-5,-6,60
-3,-2,64
-6,0,62
-3,-4,62
-1,-2,59
-5,4,60
-4,-1,61
-3,-2,61
0,-3,63
-6,1,56
-11,-9,63
-3,-2,71
-2,3,64
-8,-3,64
-8,-3,69
-4,6,61
-8,-2,61
-3,-1,66
-1,6,58
-10,4,53
-1,3,66
0,4,67
-4,7,57
-3,6,64
-4,6,64
-6,3,62
-5,4,63
-4,5,63
-4,4,65
-5,5,59
-4,3,64
-2,6,63
-7,4,63
-6,4,64
-3,7,61
-6,6,63
-5,5,64
-5,7,61
-5,7,62
-4,6,64
-7,7,60
-6,6,63
-3,7,64
-2,8,61
-6,5,65
